customer_id,name,age,city,state
c0001,Rohan Desai,27,Hyderabad,Telangana
c0002,Rahul Sharma,21,Hyderabad,Telangana
c0003,Sneha Nair,46,Pune,Maharashtra
c0004,Amit Singh,39,Pune,Maharashtra
c0005,Priya Patel,56,Panaji,Goa
c0006,Rohan Desai,50,Panaji,Goa
c0007,Rahul Sharma,34,Mumbai,Maharashtra
c0008,Priya Patel,56,Pune,Maharashtra
c0009,Sneha Nair,24,Panaji,Goa
c0010,Amit Singh,57,Hyderabad,Telangana
c0011,Amit Singh,33,Mumbai,Maharashtra
c0012,Sneha Nair,24,Panaji,Goa
c0013,Rahul Sharma,44,Hyderabad,Telangana
c0014,Rahul Sharma,56,Delhi,Delhi
c0015,Sneha Nair,44,Panaji,Goa
c0016,Sneha Nair,31,Pune,Maharashtra
c0017,Rahul Sharma,34,Panaji,Goa
c0018,Sneha Nair,18,Bengaluru,Karnataka
c0019,Rahul Sharma,35,Panaji,Goa
c0020,Amit Singh,25,Panaji,Goa
c0021,Priya Patel,42,Pune,Maharashtra
c0022,Rohan Desai,31,Delhi,Delhi
c0023,Rohan Desai,29,Panaji,Goa
c0024,Amit Singh,33,Mumbai,Maharashtra
c0025,Rahul Sharma,39,Delhi,Delhi
c0026,Rohan Desai,48,Mumbai,Maharashtra
c0027,Rohan Desai,60,Delhi,Delhi
c0028,Rohan Desai,35,Bengaluru,Karnataka
c0029,Rahul Sharma,18,Hyderabad,Telangana
c0030,Rahul Sharma,41,Bengaluru,Karnataka
c0031,Priya Patel,49,Mumbai,Maharashtra
c0032,Sneha Nair,43,Delhi,Delhi
c0033,Amit Singh,36,Pune,Maharashtra
c0034,Rohan Desai,41,Bengaluru,Karnataka
c0035,Priya Patel,42,Bengaluru,Karnataka
c0036,Sneha Nair,49,Mumbai,Maharashtra
c0037,Rahul Sharma,52,Panaji,Goa
c0038,Amit Singh,20,Bengaluru,Karnataka
c0039,Sneha Nair,20,Hyderabad,Telangana
c0040,Priya Patel,60,Pune,Maharashtra
c0041,Rahul Sharma,45,Panaji,Goa
c0042,Amit Singh,34,Mumbai,Maharashtra
c0043,Priya Patel,32,Hyderabad,Telangana
c0044,Rohan Desai,57,Pune,Maharashtra
c0045,Rahul Sharma,37,Pune,Maharashtra
c0046,Rahul Sharma,42,Bengaluru,Karnataka
c0047,Rohan Desai,47,Pune,Maharashtra
c0048,Sneha Nair,38,Panaji,Goa
c0049,Amit Singh,28,Bengaluru,Karnataka
c0050,Priya Patel,18,Pune,Maharashtra
c0051,Rahul Sharma,32,Delhi,Delhi
c0052,Amit Singh,46,Pune,Maharashtra
c0053,Priya Patel,33,Pune,Maharashtra
c0054,Rohan Desai,30,Panaji,Goa
c0055,Amit Singh,49,Hyderabad,Telangana
c0056,Sneha Nair,52,Hyderabad,Telangana
c0057,Sneha Nair,56,Bengaluru,Karnataka
c0058,Priya Patel,59,Pune,Maharashtra
c0059,Sneha Nair,19,Pune,Maharashtra
c0060,Sneha Nair,58,Bengaluru,Karnataka
c0061,Rohan Desai,56,Panaji,Goa
c0062,Amit Singh,60,Pune,Maharashtra
c0063,Rahul Sharma,52,Delhi,Delhi
c0064,Rahul Sharma,41,Mumbai,Maharashtra
c0065,Amit Singh,28,Pune,Maharashtra
c0066,Amit Singh,40,Pune,Maharashtra
c0067,Rohan Desai,41,Hyderabad,Telangana
c0068,Priya Patel,25,Pune,Maharashtra
c0069,Amit Singh,34,Delhi,Delhi
c0070,Rahul Sharma,43,Mumbai,Maharashtra
c0071,Amit Singh,45,Mumbai,Maharashtra
c0072,Rahul Sharma,44,Mumbai,Maharashtra
c0073,Priya Patel,28,Delhi,Delhi
c0074,Rahul Sharma,33,Panaji,Goa
c0075,Rahul Sharma,46,Pune,Maharashtra
c0076,Rohan Desai,52,Hyderabad,Telangana
c0077,Amit Singh,40,Panaji,Goa
c0078,Amit Singh,47,Pune,Maharashtra
c0079,Priya Patel,49,Delhi,Delhi
c0080,Sneha Nair,33,Hyderabad,Telangana
c0081,Sneha Nair,24,Hyderabad,Telangana
c0082,Priya Patel,29,Hyderabad,Telangana
c0083,Rohan Desai,23,Pune,Maharashtra
c0084,Rohan Desai,52,Panaji,Goa
c0085,Sneha Nair,32,Mumbai,Maharashtra
c0086,Priya Patel,33,Bengaluru,Karnataka
c0087,Rahul Sharma,38,Bengaluru,Karnataka
c0088,Priya Patel,40,Hyderabad,Telangana
c0089,Rahul Sharma,56,Bengaluru,Karnataka
c0090,Amit Singh,22,Bengaluru,Karnataka
c0091,Amit Singh,57,Panaji,Goa
c0092,Priya Patel,29,Delhi,Delhi
c0093,Sneha Nair,51,Delhi,Delhi
c0094,Priya Patel,53,Bengaluru,Karnataka
c0095,Sneha Nair,30,Panaji,Goa
c0096,Rahul Sharma,41,Hyderabad,Telangana
c0097,Sneha Nair,31,Pune,Maharashtra
c0098,Amit Singh,44,Delhi,Delhi
c0099,Amit Singh,52,Panaji,Goa
c0100,Amit Singh,27,Pune,Maharashtra
c0101,Priya Patel,42,Mumbai,Maharashtra
c0102,Amit Singh,44,Delhi,Delhi
c0103,Rohan Desai,21,Panaji,Goa
c0104,Sneha Nair,31,Pune,Maharashtra
c0105,Amit Singh,22,Pune,Maharashtra
c0106,Sneha Nair,55,Bengaluru,Karnataka
c0107,Rohan Desai,37,Hyderabad,Telangana
c0108,Rohan Desai,30,Bengaluru,Karnataka
c0109,Rohan Desai,23,Delhi,Delhi
c0110,Amit Singh,45,Pune,Maharashtra
c0111,Rohan Desai,58,Pune,Maharashtra
c0112,Amit Singh,38,Delhi,Delhi
c0113,Sneha Nair,39,Delhi,Delhi
c0114,Amit Singh,20,Delhi,Delhi
c0115,Priya Patel,54,Bengaluru,Karnataka
c0116,Rohan Desai,60,Pune,Maharashtra
c0117,Priya Patel,54,Mumbai,Maharashtra
c0118,Rahul Sharma,22,Mumbai,Maharashtra
c0119,Rahul Sharma,46,Bengaluru,Karnataka
c0120,Rohan Desai,41,Bengaluru,Karnataka
c0121,Rahul Sharma,50,Hyderabad,Telangana
c0122,Rohan Desai,52,Pune,Maharashtra
c0123,Rahul Sharma,27,Bengaluru,Karnataka
c0124,Priya Patel,26,Hyderabad,Telangana
c0125,Priya Patel,26,Mumbai,Maharashtra
c0126,Rohan Desai,52,Hyderabad,Telangana
c0127,Rahul Sharma,55,Pune,Maharashtra
c0128,Rahul Sharma,42,Pune,Maharashtra
c0129,Priya Patel,19,Panaji,Goa
c0130,Rohan Desai,39,Hyderabad,Telangana
c0131,Priya Patel,30,Panaji,Goa
c0132,Rahul Sharma,43,Delhi,Delhi
c0133,Sneha Nair,30,Bengaluru,Karnataka
c0134,Priya Patel,39,Pune,Maharashtra
c0135,Rahul Sharma,29,Delhi,Delhi
c0136,Rahul Sharma,21,Pune,Maharashtra
c0137,Amit Singh,23,Mumbai,Maharashtra
c0138,Rahul Sharma,42,Bengaluru,Karnataka
c0139,Rohan Desai,47,Pune,Maharashtra
c0140,Priya Patel,43,Panaji,Goa
c0141,Priya Patel,34,Delhi,Delhi
c0142,Priya Patel,39,Panaji,Goa
c0143,Rahul Sharma,34,Delhi,Delhi
c0144,Priya Patel,24,Bengaluru,Karnataka
c0145,Rahul Sharma,38,Mumbai,Maharashtra
c0146,Amit Singh,19,Delhi,Delhi
c0147,Priya Patel,35,Panaji,Goa
c0148,Amit Singh,55,Pune,Maharashtra
c0149,Priya Patel,21,Bengaluru,Karnataka
c0150,Sneha Nair,46,Hyderabad,Telangana
c0151,Priya Patel,31,Pune,Maharashtra
c0152,Priya Patel,25,Panaji,Goa
c0153,Rohan Desai,33,Mumbai,Maharashtra
c0154,Rahul Sharma,23,Panaji,Goa
c0155,Rahul Sharma,36,Pune,Maharashtra
c0156,Rohan Desai,25,Bengaluru,Karnataka
c0157,Priya Patel,26,Pune,Maharashtra
c0158,Amit Singh,31,Mumbai,Maharashtra
c0159,Rohan Desai,39,Mumbai,Maharashtra
c0160,Amit Singh,55,Hyderabad,Telangana
c0161,Priya Patel,35,Delhi,Delhi
c0162,Sneha Nair,46,Bengaluru,Karnataka
c0163,Priya Patel,31,Panaji,Goa
c0164,Rahul Sharma,33,Panaji,Goa
c0165,Rohan Desai,29,Delhi,Delhi
c0166,Rohan Desai,24,Panaji,Goa
c0167,Amit Singh,52,Mumbai,Maharashtra
c0168,Amit Singh,59,Pune,Maharashtra
c0169,Sneha Nair,30,Panaji,Goa
c0170,Rahul Sharma,52,Pune,Maharashtra
c0171,Rohan Desai,51,Pune,Maharashtra
c0172,Amit Singh,52,Bengaluru,Karnataka
c0173,Rahul Sharma,52,Mumbai,Maharashtra
c0174,Priya Patel,23,Hyderabad,Telangana
c0175,Rahul Sharma,25,Delhi,Delhi
c0176,Sneha Nair,36,Bengaluru,Karnataka
c0177,Rahul Sharma,56,Mumbai,Maharashtra
c0178,Rohan Desai,20,Bengaluru,Karnataka
c0179,Rahul Sharma,60,Delhi,Delhi
c0180,Sneha Nair,52,Delhi,Delhi
c0181,Amit Singh,18,Panaji,Goa
c0182,Rahul Sharma,38,Mumbai,Maharashtra
c0183,Rahul Sharma,59,Hyderabad,Telangana
c0184,Rohan Desai,26,Bengaluru,Karnataka
c0185,Rohan Desai,52,Mumbai,Maharashtra
c0186,Amit Singh,46,Pune,Maharashtra
c0187,Rohan Desai,18,Mumbai,Maharashtra
c0188,Priya Patel,29,Mumbai,Maharashtra
c0189,Rahul Sharma,36,Hyderabad,Telangana
c0190,Amit Singh,30,Pune,Maharashtra
c0191,Sneha Nair,25,Bengaluru,Karnataka
c0192,Sneha Nair,33,Bengaluru,Karnataka
c0193,Amit Singh,50,Bengaluru,Karnataka
c0194,Amit Singh,54,Mumbai,Maharashtra
c0195,Sneha Nair,23,Mumbai,Maharashtra
c0196,Sneha Nair,47,Pune,Maharashtra
c0197,Rohan Desai,35,Panaji,Goa
c0198,Rohan Desai,23,Delhi,Delhi
c0199,Amit Singh,23,Delhi,Delhi
c0200,Sneha Nair,21,Mumbai,Maharashtra
c0201,Amit Singh,59,Panaji,Goa
c0202,Priya Patel,52,Bengaluru,Karnataka
c0203,Sneha Nair,21,Delhi,Delhi
c0204,Rahul Sharma,35,Delhi,Delhi
c0205,Amit Singh,47,Pune,Maharashtra
c0206,Rahul Sharma,44,Pune,Maharashtra
c0207,Rahul Sharma,45,Mumbai,Maharashtra
c0208,Priya Patel,60,Delhi,Delhi
c0209,Amit Singh,28,Pune,Maharashtra
c0210,Rohan Desai,26,Pune,Maharashtra
c0211,Amit Singh,35,Hyderabad,Telangana
c0212,Priya Patel,51,Bengaluru,Karnataka
c0213,Sneha Nair,42,Hyderabad,Telangana
c0214,Priya Patel,42,Hyderabad,Telangana
c0215,Priya Patel,48,Mumbai,Maharashtra
c0216,Amit Singh,54,Hyderabad,Telangana
c0217,Amit Singh,59,Pune,Maharashtra
c0218,Priya Patel,52,Delhi,Delhi
c0219,Sneha Nair,41,Bengaluru,Karnataka
c0220,Amit Singh,37,Pune,Maharashtra
c0221,Sneha Nair,25,Mumbai,Maharashtra
c0222,Priya Patel,51,Mumbai,Maharashtra
c0223,Rahul Sharma,54,Mumbai,Maharashtra
c0224,Rohan Desai,25,Panaji,Goa
c0225,Priya Patel,48,Mumbai,Maharashtra
c0226,Rahul Sharma,38,Mumbai,Maharashtra
c0227,Rohan Desai,30,Mumbai,Maharashtra
c0228,Amit Singh,22,Delhi,Delhi
c0229,Rahul Sharma,35,Pune,Maharashtra
c0230,Priya Patel,20,Bengaluru,Karnataka
c0231,Sneha Nair,30,Bengaluru,Karnataka
c0232,Priya Patel,35,Bengaluru,Karnataka
c0233,Rahul Sharma,18,Pune,Maharashtra
c0234,Rohan Desai,55,Hyderabad,Telangana
c0235,Sneha Nair,49,Hyderabad,Telangana
c0236,Rohan Desai,51,Hyderabad,Telangana
c0237,Sneha Nair,39,Pune,Maharashtra
c0238,Priya Patel,47,Hyderabad,Telangana
c0239,Rohan Desai,38,Pune,Maharashtra
c0240,Priya Patel,33,Delhi,Delhi
c0241,Rohan Desai,29,Panaji,Goa
c0242,Priya Patel,28,Panaji,Goa
c0243,Sneha Nair,55,Panaji,Goa
c0244,Rahul Sharma,39,Pune,Maharashtra
c0245,Priya Patel,22,Panaji,Goa
c0246,Priya Patel,37,Hyderabad,Telangana
c0247,Rahul Sharma,26,Bengaluru,Karnataka
c0248,Rohan Desai,18,Bengaluru,Karnataka
c0249,Rohan Desai,25,Bengaluru,Karnataka
c0250,Priya Patel,18,Bengaluru,Karnataka
c0251,Priya Patel,32,Panaji,Goa
c0252,Sneha Nair,58,Pune,Maharashtra
c0253,Amit Singh,59,Panaji,Goa
c0254,Rahul Sharma,42,Hyderabad,Telangana
c0255,Rohan Desai,40,Panaji,Goa
c0256,Rahul Sharma,35,Panaji,Goa
c0257,Priya Patel,48,Hyderabad,Telangana
c0258,Sneha Nair,40,Bengaluru,Karnataka
c0259,Amit Singh,37,Bengaluru,Karnataka
c0260,Amit Singh,32,Panaji,Goa
c0261,Rahul Sharma,47,Mumbai,Maharashtra
c0262,Priya Patel,22,Pune,Maharashtra
c0263,Rohan Desai,18,Panaji,Goa
c0264,Sneha Nair,31,Panaji,Goa
c0265,Sneha Nair,18,Delhi,Delhi
c0266,Rahul Sharma,43,Pune,Maharashtra
c0267,Priya Patel,22,Bengaluru,Karnataka
c0268,Rohan Desai,51,Hyderabad,Telangana
c0269,Priya Patel,38,Delhi,Delhi
c0270,Amit Singh,18,Hyderabad,Telangana
c0271,Rahul Sharma,25,Pune,Maharashtra
c0272,Sneha Nair,34,Pune,Maharashtra
c0273,Amit Singh,42,Delhi,Delhi
c0274,Rohan Desai,60,Hyderabad,Telangana
c0275,Rohan Desai,30,Mumbai,Maharashtra
c0276,Priya Patel,27,Bengaluru,Karnataka
c0277,Rohan Desai,55,Panaji,Goa
c0278,Rohan Desai,34,Hyderabad,Telangana
c0279,Amit Singh,28,Mumbai,Maharashtra
c0280,Rohan Desai,18,Pune,Maharashtra
c0281,Sneha Nair,51,Mumbai,Maharashtra
c0282,Amit Singh,34,Panaji,Goa
c0283,Rahul Sharma,43,Mumbai,Maharashtra
c0284,Priya Patel,42,Panaji,Goa
c0285,Amit Singh,38,Delhi,Delhi
c0286,Priya Patel,21,Bengaluru,Karnataka
c0287,Rohan Desai,24,Delhi,Delhi
c0288,Priya Patel,22,Hyderabad,Telangana
c0289,Amit Singh,23,Pune,Maharashtra
c0290,Amit Singh,36,Hyderabad,Telangana
c0291,Rahul Sharma,47,Bengaluru,Karnataka
c0292,Rohan Desai,60,Mumbai,Maharashtra
c0293,Sneha Nair,19,Panaji,Goa
c0294,Rahul Sharma,28,Pune,Maharashtra
c0295,Amit Singh,53,Panaji,Goa
c0296,Rohan Desai,39,Panaji,Goa
c0297,Rahul Sharma,49,Bengaluru,Karnataka
c0298,Rahul Sharma,37,Panaji,Goa
c0299,Sneha Nair,35,Panaji,Goa
c0300,Rohan Desai,35,Pune,Maharashtra
c0301,Sneha Nair,55,Mumbai,Maharashtra
c0302,Sneha Nair,37,Mumbai,Maharashtra
c0303,Sneha Nair,52,Hyderabad,Telangana
c0304,Rahul Sharma,35,Panaji,Goa
c0305,Amit Singh,25,Panaji,Goa
c0306,Amit Singh,21,Hyderabad,Telangana
c0307,Amit Singh,30,Mumbai,Maharashtra
c0308,Sneha Nair,41,Pune,Maharashtra
c0309,Sneha Nair,19,Pune,Maharashtra
c0310,Rohan Desai,29,Pune,Maharashtra
c0311,Priya Patel,47,Pune,Maharashtra
c0312,Sneha Nair,43,Delhi,Delhi
c0313,Rahul Sharma,59,Bengaluru,Karnataka
c0314,Sneha Nair,35,Mumbai,Maharashtra
c0315,Rohan Desai,35,Delhi,Delhi
c0316,Rahul Sharma,24,Panaji,Goa
c0317,Priya Patel,55,Panaji,Goa
c0318,Sneha Nair,20,Mumbai,Maharashtra
c0319,Amit Singh,51,Panaji,Goa
c0320,Priya Patel,51,Pune,Maharashtra
c0321,Priya Patel,40,Mumbai,Maharashtra
c0322,Rohan Desai,27,Panaji,Goa
c0323,Rohan Desai,54,Pune,Maharashtra
c0324,Amit Singh,28,Delhi,Delhi
c0325,Sneha Nair,36,Mumbai,Maharashtra
c0326,Sneha Nair,48,Mumbai,Maharashtra
c0327,Rohan Desai,19,Panaji,Goa
c0328,Sneha Nair,35,Hyderabad,Telangana
c0329,Rohan Desai,55,Bengaluru,Karnataka
c0330,Rahul Sharma,46,Bengaluru,Karnataka
c0331,Rahul Sharma,31,Delhi,Delhi
c0332,Rahul Sharma,59,Bengaluru,Karnataka
c0333,Priya Patel,28,Pune,Maharashtra
c0334,Sneha Nair,38,Pune,Maharashtra
c0335,Priya Patel,38,Pune,Maharashtra
c0336,Rohan Desai,18,Pune,Maharashtra
c0337,Amit Singh,27,Mumbai,Maharashtra
c0338,Rahul Sharma,43,Bengaluru,Karnataka
c0339,Rohan Desai,30,Panaji,Goa
c0340,Rahul Sharma,19,Hyderabad,Telangana
c0341,Amit Singh,49,Delhi,Delhi
c0342,Rahul Sharma,35,Delhi,Delhi
c0343,Rahul Sharma,41,Hyderabad,Telangana
c0344,Rohan Desai,28,Pune,Maharashtra
c0345,Rahul Sharma,30,Hyderabad,Telangana
c0346,Priya Patel,44,Bengaluru,Karnataka
c0347,Rohan Desai,51,Delhi,Delhi
c0348,Rohan Desai,58,Panaji,Goa
c0349,Amit Singh,56,Panaji,Goa
c0350,Priya Patel,28,Delhi,Delhi
c0351,Amit Singh,41,Bengaluru,Karnataka
c0352,Rahul Sharma,33,Panaji,Goa
c0353,Priya Patel,31,Mumbai,Maharashtra
c0354,Amit Singh,58,Hyderabad,Telangana
c0355,Priya Patel,44,Delhi,Delhi
c0356,Amit Singh,38,Delhi,Delhi
c0357,Rahul Sharma,37,Panaji,Goa
c0358,Rahul Sharma,20,Pune,Maharashtra
c0359,Amit Singh,49,Mumbai,Maharashtra
c0360,Rahul Sharma,36,Pune,Maharashtra
c0361,Amit Singh,29,Panaji,Goa
c0362,Priya Patel,53,Pune,Maharashtra
c0363,Priya Patel,39,Delhi,Delhi
c0364,Rahul Sharma,25,Mumbai,Maharashtra
c0365,Rohan Desai,29,Pune,Maharashtra
c0366,Amit Singh,29,Bengaluru,Karnataka
c0367,Sneha Nair,57,Panaji,Goa
c0368,Priya Patel,33,Pune,Maharashtra
c0369,Rohan Desai,21,Delhi,Delhi
c0370,Sneha Nair,19,Pune,Maharashtra
c0371,Sneha Nair,58,Panaji,Goa
c0372,Sneha Nair,38,Mumbai,Maharashtra
c0373,Priya Patel,47,Mumbai,Maharashtra
c0374,Rahul Sharma,59,Delhi,Delhi
c0375,Rahul Sharma,27,Panaji,Goa
c0376,Sneha Nair,40,Mumbai,Maharashtra
c0377,Rahul Sharma,21,Hyderabad,Telangana
c0378,Amit Singh,32,Pune,Maharashtra
c0379,Rohan Desai,54,Mumbai,Maharashtra
c0380,Amit Singh,36,Mumbai,Maharashtra
c0381,Amit Singh,54,Panaji,Goa
c0382,Rohan Desai,52,Delhi,Delhi
c0383,Rahul Sharma,31,Hyderabad,Telangana
c0384,Rohan Desai,37,Pune,Maharashtra
c0385,Priya Patel,23,Mumbai,Maharashtra
c0386,Priya Patel,35,Delhi,Delhi
c0387,Priya Patel,34,Pune,Maharashtra
c0388,Amit Singh,56,Hyderabad,Telangana
c0389,Priya Patel,42,Hyderabad,Telangana
c0390,Rohan Desai,21,Bengaluru,Karnataka
c0391,Amit Singh,22,Pune,Maharashtra
c0392,Amit Singh,52,Panaji,Goa
c0393,Rohan Desai,44,Mumbai,Maharashtra
c0394,Rahul Sharma,56,Bengaluru,Karnataka
c0395,Priya Patel,60,Hyderabad,Telangana
c0396,Amit Singh,24,Hyderabad,Telangana
c0397,Sneha Nair,23,Pune,Maharashtra
c0398,Rahul Sharma,32,Hyderabad,Telangana
c0399,Priya Patel,57,Pune,Maharashtra
c0400,Amit Singh,21,Mumbai,Maharashtra
c0401,Amit Singh,35,Mumbai,Maharashtra
c0402,Rahul Sharma,52,Bengaluru,Karnataka
c0403,Rohan Desai,48,Hyderabad,Telangana
c0404,Rohan Desai,39,Panaji,Goa
c0405,Amit Singh,42,Bengaluru,Karnataka
c0406,Priya Patel,55,Delhi,Delhi
c0407,Amit Singh,24,Hyderabad,Telangana
c0408,Sneha Nair,44,Hyderabad,Telangana
c0409,Rohan Desai,51,Pune,Maharashtra
c0410,Rohan Desai,46,Panaji,Goa
c0411,Rahul Sharma,35,Bengaluru,Karnataka
c0412,Amit Singh,45,Delhi,Delhi
c0413,Rahul Sharma,26,Hyderabad,Telangana
c0414,Sneha Nair,35,Bengaluru,Karnataka
c0415,Amit Singh,39,Panaji,Goa
c0416,Sneha Nair,60,Panaji,Goa
c0417,Amit Singh,49,Bengaluru,Karnataka
c0418,Rahul Sharma,33,Hyderabad,Telangana
c0419,Amit Singh,40,Hyderabad,Telangana
c0420,Rahul Sharma,23,Bengaluru,Karnataka
c0421,Rohan Desai,56,Hyderabad,Telangana
c0422,Rahul Sharma,34,Pune,Maharashtra
c0423,Sneha Nair,47,Mumbai,Maharashtra
c0424,Rahul Sharma,22,Panaji,Goa
c0425,Rahul Sharma,49,Bengaluru,Karnataka
c0426,Rohan Desai,57,Mumbai,Maharashtra
c0427,Sneha Nair,57,Mumbai,Maharashtra
c0428,Rohan Desai,26,Bengaluru,Karnataka
c0429,Priya Patel,32,Hyderabad,Telangana
c0430,Amit Singh,50,Pune,Maharashtra
c0431,Amit Singh,60,Mumbai,Maharashtra
c0432,Rohan Desai,51,Delhi,Delhi
c0433,Priya Patel,19,Hyderabad,Telangana
c0434,Rahul Sharma,20,Pune,Maharashtra
c0435,Rohan Desai,51,Mumbai,Maharashtra
c0436,Amit Singh,49,Hyderabad,Telangana
c0437,Amit Singh,48,Hyderabad,Telangana
c0438,Rahul Sharma,48,Delhi,Delhi
c0439,Rohan Desai,49,Pune,Maharashtra
c0440,Priya Patel,33,Bengaluru,Karnataka
c0441,Amit Singh,20,Pune,Maharashtra
c0442,Sneha Nair,46,Delhi,Delhi
c0443,Rohan Desai,59,Bengaluru,Karnataka
c0444,Rohan Desai,48,Hyderabad,Telangana
c0445,Amit Singh,36,Hyderabad,Telangana
c0446,Rohan Desai,39,Hyderabad,Telangana
c0447,Amit Singh,25,Pune,Maharashtra
c0448,Amit Singh,50,Delhi,Delhi
c0449,Rahul Sharma,47,Panaji,Goa
c0450,Rahul Sharma,29,Bengaluru,Karnataka
c0451,Sneha Nair,50,Pune,Maharashtra
c0452,Priya Patel,45,Pune,Maharashtra
c0453,Rohan Desai,31,Pune,Maharashtra
c0454,Sneha Nair,38,Mumbai,Maharashtra
c0455,Amit Singh,46,Hyderabad,Telangana
c0456,Rahul Sharma,46,Bengaluru,Karnataka
c0457,Priya Patel,29,Panaji,Goa
c0458,Rahul Sharma,30,Pune,Maharashtra
c0459,Amit Singh,42,Bengaluru,Karnataka
c0460,Priya Patel,45,Delhi,Delhi
c0461,Sneha Nair,18,Pune,Maharashtra
c0462,Amit Singh,51,Hyderabad,Telangana
c0463,Amit Singh,60,Pune,Maharashtra
c0464,Rohan Desai,30,Panaji,Goa
c0465,Amit Singh,31,Hyderabad,Telangana
c0466,Sneha Nair,42,Panaji,Goa
c0467,Rahul Sharma,57,Hyderabad,Telangana
c0468,Priya Patel,44,Panaji,Goa
c0469,Sneha Nair,37,Delhi,Delhi
c0470,Amit Singh,44,Hyderabad,Telangana
c0471,Rohan Desai,25,Pune,Maharashtra
c0472,Sneha Nair,42,Mumbai,Maharashtra
c0473,Rahul Sharma,40,Bengaluru,Karnataka
c0474,Sneha Nair,47,Delhi,Delhi
c0475,Priya Patel,33,Bengaluru,Karnataka
c0476,Sneha Nair,23,Panaji,Goa
c0477,Amit Singh,24,Bengaluru,Karnataka
c0478,Priya Patel,21,Bengaluru,Karnataka
c0479,Priya Patel,43,Bengaluru,Karnataka
c0480,Rahul Sharma,48,Pune,Maharashtra
c0481,Amit Singh,23,Bengaluru,Karnataka
c0482,Rahul Sharma,59,Bengaluru,Karnataka
c0483,Sneha Nair,40,Pune,Maharashtra
c0484,Rohan Desai,49,Mumbai,Maharashtra
c0485,Rohan Desai,36,Pune,Maharashtra
c0486,Amit Singh,51,Delhi,Delhi
c0487,Sneha Nair,35,Mumbai,Maharashtra
c0488,Amit Singh,33,Hyderabad,Telangana
c0489,Amit Singh,58,Pune,Maharashtra
c0490,Rohan Desai,38,Mumbai,Maharashtra
c0491,Sneha Nair,50,Pune,Maharashtra
c0492,Amit Singh,29,Mumbai,Maharashtra
c0493,Rahul Sharma,27,Mumbai,Maharashtra
c0494,Priya Patel,26,Hyderabad,Telangana
c0495,Priya Patel,38,Pune,Maharashtra
c0496,Amit Singh,50,Bengaluru,Karnataka
c0497,Rohan Desai,37,Delhi,Delhi
c0498,Priya Patel,23,Pune,Maharashtra
c0499,Rohan Desai,39,Hyderabad,Telangana
c0500,Amit Singh,39,Hyderabad,Telangana
