order_id,customer_id,product_id,quantity,status,order_date,price,sales
o0001,c0436,p0008,1,delivered,25-01-25,189999,189999
o0002,c0264,p0012,1,pending,26-10-30,79999,79999
o0003,c0054,p0012,4,pending,25-10-07,79999,319996
o0004,c0131,p0011,2,pending,25-08-13,89999,179998
o0005,c0490,p0029,2,delivered,25-03-29,24999,49998
o0006,c0020,p0018,3,pending,25-09-10,39999,119997
o0007,c0194,p0007,5,cancelled,25-05-29,159999,799995
o0008,c0411,p0006,1,shipped,26-06-20,89999,89999
o0009,c0179,p0007,1,pending,26-07-21,159999,159999
o0010,c0150,p0003,4,cancelled,26-12-08,139999,559996
o0011,c0086,p0009,2,delivered,26-03-20,149999,299998
o0012,c0235,p0001,4,cancelled,25-01-14,199999,799996
o0013,c0371,p0001,4,shipped,25-05-23,199999,799996
o0014,c0199,p0018,5,delivered,26-12-04,39999,199995
o0015,c0096,p0016,3,pending,26-11-04,42999,128997
o0016,c0307,p0015,1,cancelled,26-04-05,34999,34999
o0017,c0473,p0023,1,pending,25-01-14,39999,39999
o0018,c0478,p0002,4,shipped,26-06-06,149999,599996
o0019,c0181,p0006,4,shipped,26-11-10,89999,359996
o0020,c0206,p0023,1,pending,25-06-29,39999,39999
o0021,c0306,p0018,4,delivered,25-03-07,39999,159996
o0022,c0134,p0001,5,delivered,25-01-02,199999,999995
o0023,c0047,p0022,4,delivered,25-04-26,19999,79996
o0024,c0233,p0022,1,delivered,26-10-21,19999,19999
o0025,c0204,p0012,3,cancelled,26-06-12,79999,239997
o0026,c0025,p0017,1,shipped,26-09-14,49999,49999
o0027,c0054,p0009,5,shipped,26-01-03,149999,749995
o0028,c0097,p0009,3,pending,26-01-15,149999,449997
o0029,c0068,p0007,1,cancelled,26-03-11,159999,159999
o0030,c0201,p0026,2,delivered,25-11-15,12999,25998
o0031,c0058,p0023,3,cancelled,26-11-14,39999,119997
o0032,c0040,p0002,4,delivered,25-07-02,149999,599996
o0033,c0148,p0010,4,delivered,26-11-22,179999,719996
o0034,c0401,p0022,4,pending,25-03-10,19999,79996
o0035,c0445,p0012,4,shipped,26-03-18,79999,319996
o0036,c0218,p0023,1,cancelled,25-11-27,39999,39999
o0037,c0150,p0026,5,delivered,26-01-28,12999,64995
o0038,c0165,p0002,5,shipped,26-05-16,149999,749995
o0039,c0498,p0011,2,shipped,26-09-10,89999,179998
o0040,c0297,p0016,2,delivered,26-06-10,42999,85998
o0041,c0414,p0004,2,pending,25-12-06,129999,259998
o0042,c0288,p0027,5,cancelled,26-07-21,7999,39995
o0043,c0097,p0027,2,cancelled,25-11-03,7999,15998
o0044,c0228,p0020,1,cancelled,25-02-10,29999,29999
o0045,c0344,p0002,4,shipped,26-12-09,149999,599996
o0046,c0338,p0009,3,shipped,26-05-08,149999,449997
o0047,c0448,p0026,5,delivered,26-11-21,12999,64995
o0048,c0402,p0003,2,delivered,26-03-09,139999,279998
o0049,c0011,p0021,4,delivered,25-12-26,9999,39996
o0050,c0428,p0002,5,pending,25-06-27,149999,749995
o0051,c0301,p0027,2,cancelled,25-07-06,7999,15998
o0052,c0230,p0026,5,cancelled,25-06-24,12999,64995
o0053,c0308,p0011,4,pending,26-07-09,89999,359996
o0054,c0441,p0011,4,delivered,25-09-25,89999,359996
o0055,c0232,p0005,4,shipped,26-08-02,119999,479996
o0056,c0301,p0011,5,shipped,25-11-04,89999,449995
o0057,c0129,p0014,2,pending,26-12-29,54999,109998
o0058,c0241,p0025,1,shipped,25-12-13,14999,14999
o0059,c0009,p0004,2,pending,25-11-21,129999,259998
o0060,c0374,p0013,1,pending,25-11-02,74999,74999
o0061,c0338,p0020,5,shipped,25-04-28,29999,149995
o0062,c0122,p0023,5,shipped,26-04-02,39999,199995
o0063,c0071,p0027,3,pending,26-07-14,7999,23997
o0064,c0027,p0028,5,shipped,26-02-22,59999,299995
o0065,c0373,p0030,4,cancelled,26-10-31,32999,131996
o0066,c0094,p0006,3,delivered,26-07-18,89999,269997
o0067,c0344,p0026,2,cancelled,26-12-05,12999,25998
o0068,c0125,p0017,1,delivered,25-06-12,49999,49999
o0069,c0312,p0015,1,delivered,26-09-07,34999,34999
o0070,c0242,p0021,1,delivered,25-09-04,9999,9999
o0071,c0366,p0010,5,pending,26-05-18,179999,899995
o0072,c0400,p0006,5,shipped,26-03-06,89999,449995
o0073,c0462,p0001,4,shipped,26-12-24,199999,799996
o0074,c0001,p0010,1,pending,25-10-16,179999,179999
o0075,c0226,p0023,4,delivered,25-06-12,39999,159996
o0076,c0121,p0011,1,cancelled,25-10-05,89999,89999
o0077,c0284,p0023,5,shipped,26-05-23,39999,199995
o0078,c0447,p0014,5,shipped,26-09-10,54999,274995
o0079,c0117,p0026,3,cancelled,26-06-05,12999,38997
o0080,c0249,p0016,4,cancelled,25-11-16,42999,171996
o0081,c0015,p0006,4,cancelled,26-06-18,89999,359996
o0082,c0473,p0030,4,pending,25-02-27,32999,131996
o0083,c0496,p0027,3,pending,26-01-01,7999,23997
o0084,c0023,p0026,5,shipped,25-07-03,12999,64995
o0085,c0179,p0004,2,cancelled,25-06-18,129999,259998
o0086,c0383,p0022,3,pending,26-03-19,19999,59997
o0087,c0320,p0016,3,delivered,26-04-26,42999,128997
o0088,c0171,p0024,3,cancelled,26-07-26,17999,53997
o0089,c0214,p0003,3,pending,25-12-05,139999,419997
o0090,c0125,p0019,5,pending,25-03-04,45999,229995
o0091,c0059,p0006,5,delivered,25-10-17,89999,449995
o0092,c0403,p0012,5,cancelled,25-09-13,79999,399995
o0093,c0103,p0022,2,shipped,26-11-01,19999,39998
o0094,c0124,p0008,2,delivered,25-05-17,189999,379998
o0095,c0418,p0011,5,pending,25-02-08,89999,449995
o0096,c0249,p0019,3,shipped,26-04-23,45999,137997
o0097,c0263,p0009,3,cancelled,26-01-18,149999,449997
o0098,c0071,p0017,3,pending,25-09-20,49999,149997
o0099,c0373,p0009,3,cancelled,25-09-19,149999,449997
o0100,c0080,p0026,3,cancelled,26-09-09,12999,38997
o0101,c0208,p0001,2,delivered,25-12-20,199999,399998
o0102,c0078,p0010,4,delivered,26-03-09,179999,719996
o0103,c0133,p0006,1,cancelled,26-05-19,89999,89999
o0104,c0362,p0003,1,pending,25-11-05,139999,139999
o0105,c0395,p0006,2,cancelled,26-09-06,89999,179998
o0106,c0075,p0010,1,shipped,26-05-08,179999,179999
o0107,c0024,p0026,3,cancelled,26-06-26,12999,38997
o0108,c0351,p0010,2,pending,26-11-11,179999,359998
o0109,c0368,p0007,3,shipped,26-12-29,159999,479997
o0110,c0163,p0028,3,shipped,26-12-26,59999,179997
o0111,c0111,p0015,3,delivered,26-07-10,34999,104997
o0112,c0237,p0002,1,cancelled,25-02-23,149999,149999
o0113,c0341,p0015,3,delivered,25-07-05,34999,104997
o0114,c0430,p0012,1,cancelled,26-03-11,79999,79999
o0115,c0380,p0003,5,cancelled,26-11-22,139999,699995
o0116,c0466,p0001,1,pending,25-08-07,199999,199999
o0117,c0032,p0015,2,pending,25-01-09,34999,69998
o0118,c0349,p0003,1,cancelled,26-03-17,139999,139999
o0119,c0404,p0014,5,delivered,26-05-17,54999,274995
o0120,c0127,p0023,2,shipped,25-08-04,39999,79998
o0121,c0086,p0004,3,cancelled,26-05-14,129999,389997
o0122,c0451,p0030,3,cancelled,26-05-21,32999,98997
o0123,c0050,p0021,4,shipped,25-12-16,9999,39996
o0124,c0238,p0028,2,pending,25-02-28,59999,119998
o0125,c0412,p0009,5,shipped,25-12-19,149999,749995
o0126,c0302,p0001,5,cancelled,25-05-17,199999,999995
o0127,c0303,p0022,4,shipped,26-04-14,19999,79996
o0128,c0464,p0022,2,pending,25-05-08,19999,39998
o0129,c0356,p0021,3,cancelled,26-05-18,9999,29997
o0130,c0090,p0012,1,shipped,26-06-29,79999,79999
o0131,c0466,p0001,4,pending,25-05-16,199999,799996
o0132,c0325,p0019,5,pending,25-01-13,45999,229995
o0133,c0122,p0019,5,delivered,26-11-15,45999,229995
o0134,c0437,p0012,1,shipped,26-06-21,79999,79999
o0135,c0323,p0020,3,delivered,25-11-13,29999,89997
o0136,c0077,p0003,4,cancelled,26-05-13,139999,559996
o0137,c0387,p0004,1,delivered,26-09-27,129999,129999
o0138,c0138,p0024,1,cancelled,25-06-29,17999,17999
o0139,c0392,p0010,4,pending,25-02-12,179999,719996
o0140,c0447,p0016,1,pending,26-06-05,42999,42999
o0141,c0483,p0018,5,shipped,26-11-16,39999,199995
o0142,c0468,p0008,1,pending,25-03-09,189999,189999
o0143,c0110,p0004,4,delivered,26-12-20,129999,519996
o0144,c0274,p0019,2,cancelled,26-01-25,45999,91998
o0145,c0119,p0030,4,delivered,25-02-01,32999,131996
o0146,c0100,p0001,3,delivered,26-08-31,199999,599997
o0147,c0226,p0011,3,shipped,26-12-11,89999,269997
o0148,c0270,p0017,5,cancelled,25-03-29,49999,249995
o0149,c0052,p0015,3,delivered,25-12-14,34999,104997
o0150,c0413,p0020,2,pending,25-12-03,29999,59998
o0151,c0303,p0021,4,cancelled,25-11-02,9999,39996
o0152,c0151,p0025,2,pending,25-06-13,14999,29998
o0153,c0263,p0002,3,delivered,26-12-03,149999,449997
o0154,c0072,p0017,2,pending,26-06-01,49999,99998
o0155,c0091,p0011,5,delivered,25-06-30,89999,449995
o0156,c0281,p0021,5,delivered,25-06-10,9999,49995
o0157,c0379,p0006,2,shipped,25-08-02,89999,179998
o0158,c0325,p0010,3,cancelled,26-11-05,179999,539997
o0159,c0418,p0013,3,delivered,25-08-10,74999,224997
o0160,c0357,p0027,5,cancelled,25-11-28,7999,39995
o0161,c0056,p0021,3,cancelled,26-05-06,9999,29997
o0162,c0135,p0006,3,pending,26-01-08,89999,269997
o0163,c0441,p0006,1,delivered,25-05-31,89999,89999
o0164,c0225,p0007,5,pending,26-11-18,159999,799995
o0165,c0319,p0011,1,cancelled,26-11-29,89999,89999
o0166,c0081,p0003,1,delivered,25-10-23,139999,139999
o0167,c0329,p0003,4,shipped,26-11-01,139999,559996
o0168,c0111,p0013,5,delivered,25-05-31,74999,374995
o0169,c0165,p0023,5,cancelled,26-09-07,39999,199995
o0170,c0047,p0019,5,delivered,25-10-31,45999,229995
o0171,c0349,p0004,4,pending,26-10-02,129999,519996
o0172,c0069,p0029,4,shipped,25-08-26,24999,99996
o0173,c0227,p0017,5,pending,26-05-31,49999,249995
o0174,c0199,p0030,5,delivered,26-12-18,32999,164995
o0175,c0297,p0002,5,shipped,26-04-28,149999,749995
o0176,c0319,p0024,1,pending,26-01-31,17999,17999
o0177,c0181,p0014,5,shipped,26-05-25,54999,274995
o0178,c0373,p0014,1,delivered,25-05-18,54999,54999
o0179,c0083,p0014,2,pending,25-08-18,54999,109998
o0180,c0460,p0018,4,cancelled,26-11-29,39999,159996
o0181,c0058,p0014,3,delivered,26-09-24,54999,164997
o0182,c0483,p0012,2,pending,25-09-16,79999,159998
o0183,c0490,p0022,5,shipped,25-09-28,19999,99995
o0184,c0445,p0008,1,delivered,26-08-22,189999,189999
o0185,c0098,p0011,4,pending,26-04-28,89999,359996
o0186,c0440,p0030,2,delivered,26-01-21,32999,65998
o0187,c0360,p0006,3,cancelled,25-02-03,89999,269997
o0188,c0220,p0029,1,delivered,26-10-13,24999,24999
o0189,c0451,p0009,1,shipped,26-08-19,149999,149999
o0190,c0206,p0017,2,cancelled,26-01-10,49999,99998
o0191,c0342,p0024,1,pending,25-03-29,17999,17999
o0192,c0403,p0016,3,delivered,26-03-11,42999,128997
o0193,c0413,p0017,4,pending,26-02-27,49999,199996
o0194,c0252,p0015,2,pending,26-04-22,34999,69998
o0195,c0148,p0011,3,cancelled,26-11-24,89999,269997
o0196,c0006,p0005,1,delivered,25-01-17,119999,119999
o0197,c0315,p0005,5,shipped,25-08-05,119999,599995
o0198,c0291,p0026,4,shipped,26-09-06,12999,51996
o0199,c0119,p0002,4,pending,26-11-13,149999,599996
o0200,c0341,p0017,5,cancelled,26-07-29,49999,249995
o0201,c0402,p0029,4,pending,26-02-20,24999,99996
o0202,c0281,p0024,2,pending,26-02-25,17999,35998
o0203,c0257,p0024,3,pending,25-05-02,17999,53997
o0204,c0253,p0030,3,cancelled,26-08-23,32999,98997
o0205,c0259,p0015,5,cancelled,25-02-04,34999,174995
o0206,c0066,p0025,4,delivered,25-12-26,14999,59996
o0207,c0429,p0010,3,shipped,25-07-29,179999,539997
o0208,c0320,p0019,1,shipped,25-05-05,45999,45999
o0209,c0334,p0030,5,pending,25-10-11,32999,164995
o0210,c0351,p0012,2,cancelled,25-09-26,79999,159998
o0211,c0472,p0026,4,shipped,26-10-25,12999,51996
o0212,c0090,p0028,1,shipped,25-05-31,59999,59999
o0213,c0215,p0017,2,shipped,26-08-27,49999,99998
o0214,c0432,p0013,3,pending,25-12-03,74999,224997
o0215,c0305,p0029,5,shipped,26-10-04,24999,124995
o0216,c0116,p0008,1,pending,26-06-24,189999,189999
o0217,c0191,p0024,1,cancelled,25-03-18,17999,17999
o0218,c0252,p0027,4,cancelled,25-06-01,7999,31996
o0219,c0113,p0028,3,delivered,25-10-09,59999,179997
o0220,c0025,p0002,2,cancelled,26-06-04,149999,299998
o0221,c0170,p0029,1,pending,26-01-10,24999,24999
o0222,c0038,p0026,4,pending,26-04-04,12999,51996
o0223,c0463,p0015,3,pending,25-06-08,34999,104997
o0224,c0093,p0003,5,pending,25-04-01,139999,699995
o0225,c0456,p0004,2,cancelled,25-07-16,129999,259998
o0226,c0157,p0021,2,pending,26-06-05,9999,19998
o0227,c0094,p0025,2,pending,25-05-29,14999,29998
o0228,c0440,p0019,4,shipped,26-05-14,45999,183996
o0229,c0309,p0028,1,pending,25-10-26,59999,59999
o0230,c0435,p0007,5,delivered,25-12-17,159999,799995
o0231,c0217,p0019,1,shipped,26-07-12,45999,45999
o0232,c0479,p0016,2,shipped,26-10-10,42999,85998
o0233,c0030,p0023,3,delivered,26-06-22,39999,119997
o0234,c0205,p0021,4,cancelled,26-11-17,9999,39996
o0235,c0394,p0024,3,cancelled,26-07-05,17999,53997
o0236,c0313,p0002,5,shipped,26-09-29,149999,749995
o0237,c0014,p0011,5,delivered,26-06-30,89999,449995
o0238,c0416,p0030,5,cancelled,25-12-14,32999,164995
o0239,c0198,p0026,4,pending,25-03-07,12999,51996
o0240,c0090,p0020,2,delivered,25-10-18,29999,59998
o0241,c0339,p0007,2,shipped,25-07-18,159999,319998
o0242,c0065,p0003,1,shipped,26-05-28,139999,139999
o0243,c0165,p0012,2,shipped,25-07-09,79999,159998
o0244,c0366,p0006,2,cancelled,26-07-04,89999,179998
o0245,c0252,p0028,2,pending,25-04-16,59999,119998
o0246,c0491,p0009,5,shipped,26-03-22,149999,749995
o0247,c0457,p0005,5,delivered,25-06-07,119999,599995
o0248,c0392,p0016,5,cancelled,26-06-29,42999,214995
o0249,c0432,p0015,3,cancelled,26-03-03,34999,104997
o0250,c0183,p0028,5,pending,26-08-07,59999,299995
o0251,c0295,p0026,2,pending,26-02-13,12999,25998
o0252,c0211,p0024,3,cancelled,25-07-25,17999,53997
o0253,c0246,p0006,5,pending,26-04-01,89999,449995
o0254,c0447,p0011,4,pending,25-12-08,89999,359996
o0255,c0075,p0026,4,pending,25-06-01,12999,51996
o0256,c0374,p0029,1,pending,25-06-18,24999,24999
o0257,c0072,p0010,1,cancelled,25-09-30,179999,179999
o0258,c0013,p0019,2,shipped,25-02-26,45999,91998
o0259,c0309,p0018,4,shipped,25-04-28,39999,159996
o0260,c0471,p0001,3,cancelled,25-08-23,199999,599997
o0261,c0063,p0030,4,pending,25-06-10,32999,131996
o0262,c0405,p0011,3,pending,25-11-04,89999,269997
o0263,c0342,p0026,3,cancelled,26-02-08,12999,38997
o0264,c0092,p0017,2,shipped,26-01-20,49999,99998
o0265,c0048,p0002,3,delivered,25-04-24,149999,449997
o0266,c0341,p0021,2,shipped,26-04-02,9999,19998
o0267,c0109,p0024,3,cancelled,25-09-24,17999,53997
o0268,c0107,p0016,3,cancelled,25-05-17,42999,128997
o0269,c0020,p0006,3,delivered,25-04-14,89999,269997
o0270,c0350,p0026,4,shipped,25-05-10,12999,51996
o0271,c0381,p0004,5,cancelled,25-01-28,129999,649995
o0272,c0088,p0024,3,cancelled,26-03-23,17999,53997
o0273,c0202,p0027,5,shipped,26-09-16,7999,39995
o0274,c0335,p0015,2,shipped,25-06-12,34999,69998
o0275,c0352,p0028,1,pending,25-08-16,59999,59999
o0276,c0262,p0029,4,delivered,26-07-02,24999,99996
o0277,c0328,p0022,3,shipped,25-05-11,19999,59997
o0278,c0319,p0025,2,delivered,26-08-16,14999,29998
o0279,c0166,p0028,2,pending,26-01-01,59999,119998
o0280,c0476,p0016,2,pending,26-10-30,42999,85998
o0281,c0412,p0012,2,cancelled,25-12-04,79999,159998
o0282,c0083,p0029,2,shipped,26-05-02,24999,49998
o0283,c0458,p0007,1,delivered,25-01-26,159999,159999
o0284,c0443,p0015,1,cancelled,26-03-04,34999,34999
o0285,c0163,p0018,3,shipped,25-06-29,39999,119997
o0286,c0105,p0005,2,cancelled,25-02-05,119999,239998
o0287,c0200,p0024,1,cancelled,26-02-19,17999,17999
o0288,c0347,p0011,2,delivered,26-09-24,89999,179998
o0289,c0184,p0022,1,cancelled,25-05-29,19999,19999
o0290,c0113,p0017,1,delivered,26-10-29,49999,49999
o0291,c0317,p0006,5,cancelled,25-10-14,89999,449995
o0292,c0483,p0003,5,cancelled,25-01-02,139999,699995
o0293,c0130,p0001,4,cancelled,25-02-09,199999,799996
o0294,c0282,p0010,3,pending,25-06-19,179999,539997
o0295,c0024,p0001,3,shipped,26-06-20,199999,599997
o0296,c0019,p0002,3,cancelled,26-03-21,149999,449997
o0297,c0037,p0008,5,delivered,25-10-09,189999,949995
o0298,c0010,p0022,2,shipped,25-01-02,19999,39998
o0299,c0245,p0029,2,delivered,26-05-08,24999,49998
o0300,c0254,p0004,2,delivered,26-05-31,129999,259998
o0301,c0266,p0010,2,delivered,26-12-17,179999,359998
o0302,c0416,p0009,4,delivered,25-02-06,149999,599996
o0303,c0208,p0007,4,cancelled,25-09-05,159999,639996
o0304,c0257,p0005,5,cancelled,26-08-20,119999,599995
o0305,c0096,p0024,4,delivered,25-06-20,17999,71996
o0306,c0118,p0028,5,delivered,25-08-22,59999,299995
o0307,c0365,p0003,4,cancelled,25-11-26,139999,559996
o0308,c0247,p0014,5,delivered,26-10-06,54999,274995
o0309,c0172,p0030,1,cancelled,25-07-04,32999,32999
o0310,c0110,p0005,2,cancelled,26-06-14,119999,239998
o0311,c0171,p0012,5,shipped,26-10-12,79999,399995
o0312,c0282,p0004,5,shipped,26-11-03,129999,649995
o0313,c0229,p0004,4,pending,25-12-25,129999,519996
o0314,c0457,p0027,5,cancelled,25-06-25,7999,39995
o0315,c0111,p0006,2,delivered,26-08-14,89999,179998
o0316,c0106,p0023,5,delivered,25-03-15,39999,199995
o0317,c0295,p0030,3,pending,26-02-04,32999,98997
o0318,c0103,p0021,2,delivered,25-05-26,9999,19998
o0319,c0144,p0006,1,shipped,26-11-05,89999,89999
o0320,c0397,p0027,5,cancelled,25-08-28,7999,39995
o0321,c0407,p0014,4,shipped,26-04-12,54999,219996
o0322,c0189,p0020,2,pending,25-01-20,29999,59998
o0323,c0329,p0019,4,delivered,25-01-28,45999,183996
o0324,c0490,p0025,3,cancelled,26-05-14,14999,44997
o0325,c0262,p0018,4,pending,26-10-09,39999,159996
o0326,c0278,p0021,2,pending,26-03-26,9999,19998
o0327,c0123,p0030,1,delivered,26-05-11,32999,32999
o0328,c0333,p0030,5,cancelled,26-11-16,32999,164995
o0329,c0380,p0009,2,pending,26-10-03,149999,299998
o0330,c0354,p0027,5,cancelled,26-08-06,7999,39995
o0331,c0026,p0005,5,cancelled,25-06-12,119999,599995
o0332,c0268,p0010,1,shipped,25-12-24,179999,179999
o0333,c0150,p0029,5,pending,25-03-09,24999,124995
o0334,c0263,p0028,1,shipped,26-08-18,59999,59999
o0335,c0401,p0008,4,pending,26-04-04,189999,759996
o0336,c0306,p0027,5,shipped,25-10-08,7999,39995
o0337,c0322,p0001,4,pending,25-11-28,199999,799996
o0338,c0158,p0027,3,delivered,26-11-27,7999,23997
o0339,c0045,p0020,1,cancelled,25-01-13,29999,29999
o0340,c0009,p0013,5,delivered,26-01-13,74999,374995
o0341,c0378,p0007,3,delivered,25-10-17,159999,479997
o0342,c0010,p0020,1,delivered,26-10-02,29999,29999
o0343,c0241,p0026,3,pending,25-12-20,12999,38997
o0344,c0086,p0027,2,shipped,26-09-11,7999,15998
o0345,c0417,p0007,2,pending,26-05-14,159999,319998
o0346,c0301,p0012,1,delivered,26-11-12,79999,79999
o0347,c0103,p0005,2,delivered,26-05-31,119999,239998
o0348,c0439,p0029,5,cancelled,25-10-06,24999,124995
o0349,c0157,p0019,5,pending,26-01-26,45999,229995
o0350,c0490,p0011,5,cancelled,25-10-02,89999,449995
o0351,c0135,p0022,1,delivered,25-05-01,19999,19999
o0352,c0268,p0018,3,pending,26-12-31,39999,119997
o0353,c0059,p0006,1,cancelled,26-06-04,89999,89999
o0354,c0485,p0030,1,shipped,25-09-09,32999,32999
o0355,c0151,p0012,2,cancelled,26-12-05,79999,159998
o0356,c0372,p0018,1,pending,25-04-04,39999,39999
o0357,c0252,p0022,4,shipped,26-05-06,19999,79996
o0358,c0025,p0005,2,shipped,25-08-06,119999,239998
o0359,c0314,p0005,4,delivered,26-09-09,119999,479996
o0360,c0378,p0021,1,delivered,25-06-11,9999,9999
o0361,c0109,p0018,1,shipped,25-04-17,39999,39999
o0362,c0362,p0014,2,pending,25-05-19,54999,109998
o0363,c0249,p0011,1,delivered,25-06-24,89999,89999
o0364,c0305,p0005,3,shipped,26-12-19,119999,359997
o0365,c0232,p0001,3,pending,25-05-02,199999,599997
o0366,c0487,p0021,4,delivered,25-03-02,9999,39996
o0367,c0409,p0016,4,shipped,26-09-14,42999,171996
o0368,c0243,p0005,1,cancelled,26-08-03,119999,119999
o0369,c0404,p0025,2,cancelled,25-03-20,14999,29998
o0370,c0325,p0027,5,delivered,26-11-03,7999,39995
o0371,c0360,p0006,3,pending,25-06-27,89999,269997
o0372,c0267,p0020,5,shipped,26-03-19,29999,149995
o0373,c0018,p0016,1,cancelled,25-02-09,42999,42999
o0374,c0205,p0011,1,cancelled,25-03-30,89999,89999
o0375,c0153,p0028,2,delivered,25-04-09,59999,119998
o0376,c0260,p0021,1,cancelled,26-01-31,9999,9999
o0377,c0324,p0018,3,shipped,25-02-19,39999,119997
o0378,c0201,p0019,2,pending,26-02-10,45999,91998
o0379,c0487,p0018,3,pending,26-07-26,39999,119997
o0380,c0225,p0021,2,pending,26-08-12,9999,19998
o0381,c0109,p0027,5,pending,25-04-16,7999,39995
o0382,c0372,p0010,4,cancelled,26-12-13,179999,719996
o0383,c0288,p0017,1,pending,26-05-09,49999,49999
o0384,c0142,p0015,2,cancelled,25-07-10,34999,69998
o0385,c0259,p0021,2,delivered,25-01-14,9999,19998
o0386,c0201,p0004,3,cancelled,25-06-05,129999,389997
o0387,c0405,p0020,2,shipped,26-05-21,29999,59998
o0388,c0240,p0003,2,cancelled,25-04-02,139999,279998
o0389,c0022,p0013,1,pending,25-03-04,74999,74999
o0390,c0458,p0010,4,cancelled,26-09-24,179999,719996
o0391,c0364,p0026,2,pending,25-06-20,12999,25998
o0392,c0219,p0027,5,cancelled,25-01-06,7999,39995
o0393,c0412,p0007,4,pending,25-07-29,159999,639996
o0394,c0402,p0022,4,cancelled,26-02-04,19999,79996
o0395,c0192,p0006,2,delivered,25-11-06,89999,179998
o0396,c0376,p0013,3,shipped,25-11-16,74999,224997
o0397,c0094,p0008,3,pending,25-09-26,189999,569997
o0398,c0390,p0019,3,cancelled,26-08-09,45999,137997
o0399,c0448,p0003,2,shipped,25-03-14,139999,279998
o0400,c0330,p0025,5,pending,25-01-29,14999,74995
o0401,c0364,p0026,5,delivered,26-01-18,12999,64995
o0402,c0463,p0025,4,delivered,25-07-10,14999,59996
o0403,c0425,p0014,4,shipped,26-02-24,54999,219996
o0404,c0292,p0003,3,cancelled,25-06-20,139999,419997
o0405,c0275,p0008,2,pending,25-06-23,189999,379998
o0406,c0191,p0012,5,pending,25-02-09,79999,399995
o0407,c0160,p0002,5,cancelled,25-06-28,149999,749995
o0408,c0120,p0017,5,shipped,26-09-07,49999,249995
o0409,c0036,p0005,4,delivered,25-09-24,119999,479996
o0410,c0200,p0008,3,shipped,26-07-11,189999,569997
o0411,c0488,p0029,4,delivered,25-11-24,24999,99996
o0412,c0169,p0015,1,pending,25-09-13,34999,34999
o0413,c0391,p0001,4,shipped,26-01-13,199999,799996
o0414,c0408,p0023,5,delivered,25-12-11,39999,199995
o0415,c0078,p0017,3,delivered,26-05-31,49999,149997
o0416,c0450,p0017,4,pending,25-05-20,49999,199996
o0417,c0257,p0019,1,cancelled,25-10-04,45999,45999
o0418,c0098,p0026,4,pending,26-11-17,12999,51996
o0419,c0240,p0004,3,cancelled,26-05-07,129999,389997
o0420,c0014,p0013,5,shipped,26-12-09,74999,374995
o0421,c0187,p0003,2,shipped,26-06-16,139999,279998
o0422,c0464,p0009,3,delivered,26-01-27,149999,449997
o0423,c0372,p0026,1,pending,25-11-26,12999,12999
o0424,c0089,p0015,5,cancelled,25-06-23,34999,174995
o0425,c0051,p0021,2,pending,25-11-08,9999,19998
o0426,c0371,p0001,3,delivered,26-09-04,199999,599997
o0427,c0251,p0002,2,shipped,25-11-19,149999,299998
o0428,c0039,p0007,4,cancelled,26-02-26,159999,639996
o0429,c0066,p0016,2,delivered,25-12-04,42999,85998
o0430,c0067,p0001,2,cancelled,25-12-11,199999,399998
o0431,c0226,p0024,2,delivered,25-07-18,17999,35998
o0432,c0432,p0005,5,cancelled,26-09-02,119999,599995
o0433,c0426,p0021,5,cancelled,25-06-15,9999,49995
o0434,c0240,p0017,1,shipped,25-08-18,49999,49999
o0435,c0247,p0001,4,cancelled,25-12-23,199999,799996
o0436,c0289,p0022,4,pending,26-03-25,19999,79996
o0437,c0409,p0017,1,shipped,25-02-20,49999,49999
o0438,c0466,p0016,3,delivered,25-01-27,42999,128997
o0439,c0455,p0006,2,delivered,26-01-19,89999,179998
o0440,c0254,p0009,3,pending,25-07-20,149999,449997
o0441,c0423,p0010,2,shipped,26-12-12,179999,359998
o0442,c0315,p0025,3,shipped,26-06-07,14999,44997
o0443,c0451,p0011,1,delivered,26-10-20,89999,89999
o0444,c0105,p0002,1,cancelled,26-09-26,149999,149999
o0445,c0372,p0009,4,shipped,25-12-23,149999,599996
o0446,c0197,p0021,1,shipped,25-10-13,9999,9999
o0447,c0390,p0002,5,shipped,25-09-02,149999,749995
o0448,c0397,p0021,4,pending,26-04-14,9999,39996
o0449,c0071,p0013,5,delivered,25-04-14,74999,374995
o0450,c0389,p0009,4,shipped,25-10-18,149999,599996
o0451,c0306,p0027,2,cancelled,26-09-06,7999,15998
o0452,c0047,p0018,4,pending,25-09-23,39999,159996
o0453,c0291,p0017,2,delivered,25-03-18,49999,99998
o0454,c0323,p0008,4,shipped,25-06-02,189999,759996
o0455,c0297,p0002,3,cancelled,25-11-07,149999,449997
o0456,c0199,p0004,2,cancelled,26-06-17,129999,259998
o0457,c0237,p0028,4,cancelled,26-11-16,59999,239996
o0458,c0262,p0010,4,pending,25-08-18,179999,719996
o0459,c0261,p0002,2,shipped,25-05-22,149999,299998
o0460,c0416,p0021,4,pending,26-08-15,9999,39996
o0461,c0122,p0023,1,cancelled,25-10-21,39999,39999
o0462,c0261,p0026,5,delivered,25-07-28,12999,64995
o0463,c0010,p0006,1,pending,26-10-15,89999,89999
o0464,c0191,p0003,4,cancelled,25-12-12,139999,559996
o0465,c0107,p0018,2,delivered,25-05-17,39999,79998
o0466,c0165,p0021,1,delivered,26-03-18,9999,9999
o0467,c0143,p0015,4,delivered,26-08-12,34999,139996
o0468,c0400,p0020,4,shipped,26-01-20,29999,119996
o0469,c0139,p0016,5,cancelled,25-06-21,42999,214995
o0470,c0225,p0005,2,delivered,26-08-03,119999,239998
o0471,c0114,p0027,1,pending,26-10-31,7999,7999
o0472,c0158,p0011,5,cancelled,25-09-05,89999,449995
o0473,c0352,p0001,4,delivered,25-02-07,199999,799996
o0474,c0281,p0024,4,delivered,26-10-28,17999,71996
o0475,c0069,p0007,1,pending,26-08-22,159999,159999
o0476,c0202,p0022,4,cancelled,25-08-27,19999,79996
o0477,c0276,p0021,1,pending,25-04-30,9999,9999
o0478,c0325,p0014,5,delivered,26-03-12,54999,274995
o0479,c0388,p0026,1,cancelled,25-01-24,12999,12999
o0480,c0050,p0018,1,cancelled,26-11-12,39999,39999
o0481,c0104,p0007,1,shipped,26-05-07,159999,159999
o0482,c0400,p0025,2,shipped,25-01-31,14999,29998
o0483,c0036,p0020,4,delivered,26-03-28,29999,119996
o0484,c0308,p0015,2,delivered,25-01-29,34999,69998
o0485,c0141,p0016,1,delivered,26-03-05,42999,42999
o0486,c0488,p0006,3,cancelled,25-06-28,89999,269997
o0487,c0434,p0019,5,shipped,25-03-25,45999,229995
o0488,c0225,p0006,5,shipped,25-11-15,89999,449995
o0489,c0032,p0005,1,shipped,26-09-19,119999,119999
o0490,c0332,p0018,2,pending,25-11-11,39999,79998
o0491,c0092,p0021,3,pending,25-08-13,9999,29997
o0492,c0353,p0017,3,cancelled,26-05-23,49999,149997
o0493,c0328,p0026,2,pending,26-05-17,12999,25998
o0494,c0274,p0026,3,shipped,26-02-19,12999,38997
o0495,c0446,p0001,4,cancelled,26-01-01,199999,799996
o0496,c0240,p0022,4,pending,25-09-17,19999,79996
o0497,c0413,p0021,5,cancelled,26-03-16,9999,49995
o0498,c0257,p0012,5,pending,25-08-31,79999,399995
o0499,c0132,p0001,1,shipped,26-06-15,199999,199999
o0500,c0050,p0021,4,shipped,25-03-13,9999,39996
o0501,c0063,p0030,4,delivered,26-12-27,32999,131996
o0502,c0369,p0014,1,shipped,26-06-15,54999,54999
o0503,c0329,p0026,4,shipped,25-02-03,12999,51996
o0504,c0341,p0028,5,shipped,25-09-08,59999,299995
o0505,c0299,p0024,3,delivered,25-02-26,17999,53997
o0506,c0232,p0006,1,pending,26-11-02,89999,89999
o0507,c0138,p0015,3,shipped,25-11-05,34999,104997
o0508,c0372,p0011,3,pending,25-04-05,89999,269997
o0509,c0490,p0019,2,delivered,26-05-19,45999,91998
o0510,c0212,p0013,2,delivered,25-07-17,74999,149998
o0511,c0250,p0012,5,cancelled,26-08-22,79999,399995
o0512,c0404,p0001,3,pending,25-09-18,199999,599997
o0513,c0136,p0012,1,delivered,25-06-20,79999,79999
o0514,c0363,p0019,3,shipped,26-01-02,45999,137997
o0515,c0302,p0028,4,cancelled,25-09-27,59999,239996
o0516,c0026,p0025,2,shipped,26-10-10,14999,29998
o0517,c0379,p0026,1,pending,25-11-03,12999,12999
o0518,c0284,p0020,2,shipped,25-02-19,29999,59998
o0519,c0257,p0013,2,shipped,25-07-30,74999,149998
o0520,c0069,p0023,3,delivered,26-02-14,39999,119997
o0521,c0192,p0017,1,pending,25-03-22,49999,49999
o0522,c0094,p0013,1,shipped,25-08-08,74999,74999
o0523,c0088,p0004,1,pending,26-09-23,129999,129999
o0524,c0309,p0014,1,pending,25-03-27,54999,54999
o0525,c0455,p0027,1,shipped,25-10-18,7999,7999
o0526,c0160,p0023,1,cancelled,26-06-02,39999,39999
o0527,c0289,p0005,3,cancelled,25-10-23,119999,359997
o0528,c0067,p0012,3,shipped,25-05-19,79999,239997
o0529,c0249,p0015,1,pending,25-05-01,34999,34999
o0530,c0174,p0009,4,cancelled,26-02-23,149999,599996
o0531,c0489,p0022,4,cancelled,26-07-13,19999,79996
o0532,c0086,p0024,1,cancelled,26-02-27,17999,17999
o0533,c0185,p0009,3,delivered,25-07-08,149999,449997
o0534,c0154,p0010,4,delivered,25-04-17,179999,719996
o0535,c0163,p0010,5,cancelled,26-05-06,179999,899995
o0536,c0100,p0017,2,pending,26-02-08,49999,99998
o0537,c0137,p0028,5,cancelled,26-04-25,59999,299995
o0538,c0247,p0017,2,cancelled,25-11-10,49999,99998
o0539,c0331,p0016,4,cancelled,25-01-15,42999,171996
o0540,c0477,p0017,2,cancelled,25-08-16,49999,99998
o0541,c0032,p0029,4,shipped,26-11-13,24999,99996
o0542,c0303,p0021,2,cancelled,25-01-30,9999,19998
o0543,c0306,p0025,5,cancelled,25-09-08,14999,74995
o0544,c0318,p0028,5,shipped,25-05-27,59999,299995
o0545,c0388,p0013,4,shipped,25-09-14,74999,299996
o0546,c0322,p0020,1,delivered,26-08-11,29999,29999
o0547,c0134,p0022,3,delivered,26-06-10,19999,59997
o0548,c0386,p0017,5,pending,25-12-16,49999,249995
o0549,c0009,p0023,5,pending,26-04-21,39999,199995
o0550,c0189,p0013,3,pending,25-09-27,74999,224997
o0551,c0103,p0024,4,cancelled,26-09-08,17999,71996
o0552,c0156,p0024,2,shipped,26-02-17,17999,35998
o0553,c0224,p0023,3,pending,26-10-16,39999,119997
o0554,c0138,p0002,4,cancelled,25-12-01,149999,599996
o0555,c0175,p0004,3,shipped,25-09-30,129999,389997
o0556,c0456,p0020,4,delivered,26-01-06,29999,119996
o0557,c0495,p0021,1,shipped,25-09-25,9999,9999
o0558,c0362,p0006,1,shipped,25-02-08,89999,89999
o0559,c0224,p0017,4,cancelled,26-03-07,49999,199996
o0560,c0360,p0030,1,shipped,25-05-15,32999,32999
o0561,c0282,p0016,3,cancelled,25-01-03,42999,128997
o0562,c0426,p0019,5,pending,25-12-09,45999,229995
o0563,c0446,p0018,3,delivered,25-10-31,39999,119997
o0564,c0414,p0014,2,shipped,25-10-02,54999,109998
o0565,c0236,p0006,1,cancelled,26-09-13,89999,89999
o0566,c0457,p0025,5,pending,26-02-11,14999,74995
o0567,c0200,p0009,5,shipped,26-11-20,149999,749995
o0568,c0344,p0027,5,pending,26-02-02,7999,39995
o0569,c0425,p0004,5,shipped,26-11-07,129999,649995
o0570,c0452,p0003,1,shipped,26-05-27,139999,139999
o0571,c0414,p0023,1,delivered,25-07-29,39999,39999
o0572,c0272,p0022,3,pending,25-05-31,19999,59997
o0573,c0247,p0007,3,delivered,25-02-06,159999,479997
o0574,c0433,p0019,5,cancelled,26-03-12,45999,229995
o0575,c0070,p0022,5,delivered,26-10-13,19999,99995
o0576,c0425,p0015,5,shipped,26-11-25,34999,174995
o0577,c0356,p0011,1,delivered,25-10-15,89999,89999
o0578,c0042,p0028,2,shipped,26-12-30,59999,119998
o0579,c0237,p0021,3,cancelled,25-11-05,9999,29997
o0580,c0159,p0014,2,shipped,26-06-24,54999,109998
o0581,c0413,p0030,4,shipped,26-11-09,32999,131996
o0582,c0269,p0012,2,shipped,25-05-21,79999,159998
o0583,c0346,p0028,1,delivered,26-09-18,59999,59999
o0584,c0342,p0029,3,pending,26-10-08,24999,74997
o0585,c0469,p0030,3,cancelled,25-07-11,32999,98997
o0586,c0004,p0009,5,shipped,26-10-21,149999,749995
o0587,c0141,p0014,4,pending,25-04-20,54999,219996
o0588,c0340,p0014,3,delivered,26-09-04,54999,164997
o0589,c0285,p0007,2,shipped,26-04-11,159999,319998
o0590,c0187,p0004,5,delivered,26-03-02,129999,649995
o0591,c0277,p0015,2,pending,26-11-07,34999,69998
o0592,c0122,p0010,1,delivered,26-04-19,179999,179999
o0593,c0120,p0022,5,delivered,26-12-12,19999,99995
o0594,c0454,p0001,1,cancelled,25-09-29,199999,199999
o0595,c0304,p0007,3,cancelled,26-09-27,159999,479997
o0596,c0322,p0009,5,delivered,25-10-17,149999,749995
o0597,c0032,p0022,5,delivered,26-03-29,19999,99995
o0598,c0054,p0006,5,pending,25-09-05,89999,449995
o0599,c0055,p0029,5,shipped,25-08-01,24999,124995
o0600,c0057,p0025,2,cancelled,26-10-11,14999,29998
o0601,c0278,p0017,3,pending,26-09-14,49999,149997
o0602,c0424,p0006,2,cancelled,26-02-20,89999,179998
o0603,c0176,p0020,3,pending,26-12-15,29999,89997
o0604,c0442,p0003,2,pending,26-04-02,139999,279998
o0605,c0389,p0023,4,delivered,25-08-20,39999,159996
o0606,c0065,p0025,2,delivered,26-09-13,14999,29998
o0607,c0043,p0010,1,cancelled,25-08-23,179999,179999
o0608,c0445,p0023,5,cancelled,26-05-23,39999,199995
o0609,c0211,p0017,2,pending,26-02-07,49999,99998
o0610,c0107,p0014,2,pending,25-10-09,54999,109998
o0611,c0475,p0022,3,pending,26-12-26,19999,59997
o0612,c0249,p0021,4,pending,25-12-26,9999,39996
o0613,c0214,p0005,5,shipped,26-10-08,119999,599995
o0614,c0406,p0006,4,delivered,26-06-19,89999,359996
o0615,c0092,p0004,1,pending,26-11-05,129999,129999
o0616,c0171,p0023,4,shipped,26-08-29,39999,159996
o0617,c0245,p0020,4,shipped,25-08-05,29999,119996
o0618,c0487,p0022,1,pending,25-12-05,19999,19999
o0619,c0099,p0006,3,cancelled,26-01-20,89999,269997
o0620,c0438,p0024,3,delivered,26-05-26,17999,53997
o0621,c0201,p0016,5,cancelled,26-09-08,42999,214995
o0622,c0319,p0021,3,cancelled,26-02-18,9999,29997
o0623,c0144,p0004,1,cancelled,25-05-05,129999,129999
o0624,c0253,p0003,2,delivered,25-09-17,139999,279998
o0625,c0159,p0003,4,cancelled,26-06-27,139999,559996
o0626,c0435,p0021,5,cancelled,25-06-01,9999,49995
o0627,c0145,p0023,1,cancelled,26-09-27,39999,39999
o0628,c0173,p0030,2,delivered,26-02-13,32999,65998
o0629,c0165,p0020,4,cancelled,25-09-28,29999,119996
o0630,c0040,p0001,4,delivered,25-04-24,199999,799996
o0631,c0485,p0004,4,delivered,26-04-07,129999,519996
o0632,c0375,p0012,2,cancelled,25-11-05,79999,159998
o0633,c0382,p0008,1,pending,26-03-22,189999,189999
o0634,c0386,p0030,5,delivered,25-11-05,32999,164995
o0635,c0296,p0014,3,pending,25-07-30,54999,164997
o0636,c0198,p0015,1,delivered,25-11-26,34999,34999
o0637,c0443,p0021,5,shipped,25-06-17,9999,49995
o0638,c0011,p0025,5,pending,26-09-23,14999,74995
o0639,c0393,p0010,5,delivered,25-06-25,179999,899995
o0640,c0071,p0026,2,pending,26-06-04,12999,25998
o0641,c0182,p0014,5,delivered,26-05-20,54999,274995
o0642,c0224,p0028,4,shipped,25-05-26,59999,239996
o0643,c0219,p0005,2,shipped,25-06-19,119999,239998
o0644,c0386,p0028,5,pending,25-05-20,59999,299995
o0645,c0442,p0006,3,pending,26-01-11,89999,269997
o0646,c0486,p0013,5,cancelled,25-11-30,74999,374995
o0647,c0309,p0001,2,cancelled,25-11-14,199999,399998
o0648,c0053,p0030,4,cancelled,25-03-27,32999,131996
o0649,c0469,p0028,5,shipped,25-10-19,59999,299995
o0650,c0045,p0019,1,shipped,25-04-29,45999,45999
o0651,c0413,p0027,1,cancelled,25-05-12,7999,7999
o0652,c0304,p0010,4,pending,26-05-20,179999,719996
o0653,c0370,p0005,5,delivered,26-03-09,119999,599995
o0654,c0361,p0015,3,delivered,26-10-17,34999,104997
o0655,c0327,p0017,3,shipped,26-09-28,49999,149997
o0656,c0053,p0010,3,pending,26-10-09,179999,539997
o0657,c0459,p0003,5,delivered,25-10-18,139999,699995
o0658,c0073,p0012,3,shipped,26-04-01,79999,239997
o0659,c0319,p0007,3,shipped,26-12-23,159999,479997
o0660,c0439,p0015,1,cancelled,25-03-04,34999,34999
o0661,c0056,p0006,3,delivered,25-04-26,89999,269997
o0662,c0031,p0008,4,cancelled,26-08-23,189999,759996
o0663,c0187,p0024,3,cancelled,26-05-17,17999,53997
o0664,c0061,p0002,3,cancelled,25-11-29,149999,449997
o0665,c0440,p0020,4,pending,26-01-23,29999,119996
o0666,c0073,p0028,5,pending,26-12-19,59999,299995
o0667,c0121,p0029,2,shipped,26-04-04,24999,49998
o0668,c0249,p0006,1,pending,25-12-19,89999,89999
o0669,c0059,p0012,2,pending,25-06-23,79999,159998
o0670,c0187,p0009,5,pending,26-07-13,149999,749995
o0671,c0457,p0001,2,cancelled,26-11-29,199999,399998
o0672,c0238,p0017,4,delivered,26-01-28,49999,199996
o0673,c0089,p0026,4,cancelled,26-04-12,12999,51996
o0674,c0078,p0017,5,pending,25-02-22,49999,249995
o0675,c0331,p0015,1,pending,25-12-06,34999,34999
o0676,c0031,p0028,4,delivered,25-03-29,59999,239996
o0677,c0052,p0026,1,delivered,25-11-15,12999,12999
o0678,c0356,p0012,2,delivered,26-01-31,79999,159998
o0679,c0488,p0006,4,pending,25-12-06,89999,359996
o0680,c0111,p0015,1,delivered,26-04-14,34999,34999
o0681,c0018,p0030,5,cancelled,25-11-26,32999,164995
o0682,c0497,p0005,2,cancelled,26-09-11,119999,239998
o0683,c0406,p0007,1,delivered,25-11-12,159999,159999
o0684,c0177,p0030,5,cancelled,26-01-20,32999,164995
o0685,c0471,p0021,4,delivered,25-04-23,9999,39996
o0686,c0442,p0023,5,pending,26-08-29,39999,199995
o0687,c0035,p0013,2,shipped,25-07-16,74999,149998
o0688,c0037,p0007,3,delivered,25-08-07,159999,479997
o0689,c0336,p0008,4,pending,26-02-04,189999,759996
o0690,c0462,p0018,3,delivered,26-10-02,39999,119997
o0691,c0279,p0019,5,delivered,26-09-06,45999,229995
o0692,c0445,p0024,1,delivered,25-06-02,17999,17999
o0693,c0310,p0018,2,shipped,25-03-23,39999,79998
o0694,c0358,p0001,2,pending,26-07-23,199999,399998
o0695,c0031,p0029,1,delivered,25-07-05,24999,24999
o0696,c0198,p0021,3,pending,25-10-06,9999,29997
o0697,c0053,p0017,1,delivered,26-12-14,49999,49999
o0698,c0482,p0028,2,delivered,25-02-07,59999,119998
o0699,c0482,p0006,4,shipped,26-01-02,89999,359996
o0700,c0449,p0026,5,shipped,25-05-28,12999,64995
o0701,c0134,p0006,1,pending,25-03-05,89999,89999
o0702,c0373,p0024,5,cancelled,25-05-29,17999,89995
o0703,c0187,p0008,2,shipped,26-06-13,189999,379998
o0704,c0178,p0028,1,shipped,26-05-23,59999,59999
o0705,c0323,p0022,3,cancelled,26-07-12,19999,59997
o0706,c0109,p0010,1,pending,25-03-23,179999,179999
o0707,c0096,p0013,1,delivered,26-04-15,74999,74999
o0708,c0113,p0017,4,cancelled,26-07-08,49999,199996
o0709,c0332,p0026,3,delivered,26-07-16,12999,38997
o0710,c0268,p0014,2,delivered,25-04-21,54999,109998
o0711,c0434,p0011,2,delivered,26-03-16,89999,179998
o0712,c0396,p0024,5,shipped,25-01-31,17999,89995
o0713,c0294,p0007,4,shipped,25-02-11,159999,639996
o0714,c0442,p0019,1,pending,25-10-31,45999,45999
o0715,c0343,p0024,4,shipped,25-04-02,17999,71996
o0716,c0169,p0007,3,pending,26-12-06,159999,479997
o0717,c0189,p0020,3,pending,26-02-05,29999,89997
o0718,c0081,p0002,3,shipped,26-08-07,149999,449997
o0719,c0079,p0015,2,shipped,25-07-04,34999,69998
o0720,c0435,p0029,1,shipped,26-12-18,24999,24999
o0721,c0279,p0023,5,delivered,25-06-14,39999,199995
o0722,c0085,p0026,5,pending,25-11-12,12999,64995
o0723,c0161,p0030,1,shipped,25-06-15,32999,32999
o0724,c0223,p0014,1,pending,25-04-11,54999,54999
o0725,c0449,p0003,3,pending,26-01-04,139999,419997
o0726,c0415,p0007,2,shipped,25-08-21,159999,319998
o0727,c0184,p0012,5,cancelled,26-07-15,79999,399995
o0728,c0301,p0015,4,shipped,25-06-06,34999,139996
o0729,c0343,p0008,3,shipped,26-05-20,189999,569997
o0730,c0328,p0010,3,cancelled,25-09-03,179999,539997
o0731,c0162,p0026,2,shipped,25-11-19,12999,25998
o0732,c0149,p0002,3,cancelled,26-07-06,149999,449997
o0733,c0405,p0015,1,delivered,26-08-05,34999,34999
o0734,c0403,p0029,4,delivered,26-04-21,24999,99996
o0735,c0059,p0025,5,cancelled,25-02-06,14999,74995
o0736,c0407,p0011,2,delivered,25-07-05,89999,179998
o0737,c0108,p0029,2,cancelled,25-07-28,24999,49998
o0738,c0301,p0012,2,delivered,25-04-20,79999,159998
o0739,c0099,p0003,2,delivered,25-06-07,139999,279998
o0740,c0452,p0013,3,delivered,25-10-13,74999,224997
o0741,c0176,p0026,4,delivered,26-04-30,12999,51996
o0742,c0397,p0028,3,shipped,25-08-22,59999,179997
o0743,c0224,p0009,5,pending,26-02-21,149999,749995
o0744,c0028,p0016,2,shipped,26-03-01,42999,85998
o0745,c0372,p0011,4,delivered,25-02-25,89999,359996
o0746,c0186,p0029,4,cancelled,26-06-02,24999,99996
o0747,c0208,p0018,3,pending,25-12-11,39999,119997
o0748,c0330,p0020,3,pending,25-06-09,29999,89997
o0749,c0437,p0022,1,shipped,26-07-16,19999,19999
o0750,c0158,p0023,3,shipped,25-02-22,39999,119997
o0751,c0230,p0005,2,cancelled,26-04-16,119999,239998
o0752,c0021,p0009,1,delivered,26-09-10,149999,149999
o0753,c0160,p0015,1,cancelled,26-07-06,34999,34999
o0754,c0089,p0024,4,delivered,26-06-12,17999,71996
o0755,c0431,p0021,3,cancelled,25-09-28,9999,29997
o0756,c0190,p0005,1,pending,25-05-02,119999,119999
o0757,c0153,p0008,5,delivered,26-02-16,189999,949995
o0758,c0244,p0012,2,delivered,26-06-26,79999,159998
o0759,c0395,p0019,5,cancelled,26-08-02,45999,229995
o0760,c0356,p0005,5,shipped,26-09-14,119999,599995
o0761,c0168,p0021,2,cancelled,25-04-04,9999,19998
o0762,c0128,p0007,1,shipped,25-10-16,159999,159999
o0763,c0085,p0016,5,delivered,26-04-15,42999,214995
o0764,c0378,p0017,1,delivered,25-08-01,49999,49999
o0765,c0036,p0014,1,delivered,26-11-14,54999,54999
o0766,c0394,p0003,3,pending,25-11-10,139999,419997
o0767,c0238,p0026,4,shipped,26-10-26,12999,51996
o0768,c0108,p0004,3,pending,25-07-25,129999,389997
o0769,c0092,p0029,1,delivered,26-05-28,24999,24999
o0770,c0206,p0012,5,delivered,25-08-15,79999,399995
o0771,c0193,p0007,5,pending,25-01-07,159999,799995
o0772,c0108,p0020,5,delivered,26-06-15,29999,149995
o0773,c0017,p0029,2,cancelled,25-09-18,24999,49998
o0774,c0057,p0003,1,pending,26-02-07,139999,139999
o0775,c0311,p0008,1,cancelled,25-02-22,189999,189999
o0776,c0092,p0025,2,shipped,26-01-28,14999,29998
o0777,c0153,p0028,5,pending,25-11-06,59999,299995
o0778,c0035,p0023,2,delivered,26-06-17,39999,79998
o0779,c0350,p0024,3,pending,25-07-02,17999,53997
o0780,c0062,p0024,4,pending,26-01-03,17999,71996
o0781,c0304,p0017,1,cancelled,26-04-17,49999,49999
o0782,c0454,p0012,5,delivered,26-10-05,79999,399995
o0783,c0124,p0029,2,pending,25-05-16,24999,49998
o0784,c0368,p0001,2,delivered,25-09-10,199999,399998
o0785,c0138,p0027,4,shipped,25-07-04,7999,31996
o0786,c0306,p0029,2,delivered,26-09-03,24999,49998
o0787,c0168,p0013,5,shipped,25-08-16,74999,374995
o0788,c0264,p0016,1,cancelled,26-04-14,42999,42999
o0789,c0224,p0005,1,shipped,26-02-07,119999,119999
o0790,c0294,p0019,3,cancelled,25-12-11,45999,137997
o0791,c0491,p0017,5,delivered,26-10-07,49999,249995
o0792,c0057,p0028,2,cancelled,25-02-04,59999,119998
o0793,c0037,p0019,4,cancelled,26-05-15,45999,183996
o0794,c0230,p0028,5,shipped,25-05-01,59999,299995
o0795,c0338,p0024,5,shipped,26-02-15,17999,89995
o0796,c0433,p0018,3,shipped,25-01-24,39999,119997
o0797,c0195,p0008,4,shipped,25-11-13,189999,759996
o0798,c0227,p0014,3,pending,26-10-23,54999,164997
o0799,c0202,p0001,3,delivered,26-09-06,199999,599997
o0800,c0141,p0025,5,delivered,25-09-24,14999,74995
o0801,c0012,p0010,2,shipped,26-08-13,179999,359998
o0802,c0470,p0018,1,cancelled,26-02-02,39999,39999
o0803,c0129,p0021,2,shipped,26-08-07,9999,19998
o0804,c0034,p0030,3,pending,25-12-16,32999,98997
o0805,c0225,p0024,1,cancelled,25-08-11,17999,17999
o0806,c0442,p0016,3,cancelled,25-12-08,42999,128997
o0807,c0309,p0027,5,shipped,26-12-20,7999,39995
o0808,c0207,p0018,5,delivered,25-11-23,39999,199995
o0809,c0166,p0011,2,cancelled,25-12-01,89999,179998
o0810,c0216,p0005,1,cancelled,26-03-25,119999,119999
o0811,c0312,p0024,5,pending,25-07-21,17999,89995
o0812,c0477,p0030,3,pending,26-01-02,32999,98997
o0813,c0085,p0022,4,delivered,25-08-10,19999,79996
o0814,c0270,p0023,2,delivered,25-02-18,39999,79998
o0815,c0033,p0009,3,cancelled,26-03-29,149999,449997
o0816,c0046,p0024,5,pending,26-09-14,17999,89995
o0817,c0209,p0017,1,shipped,25-12-07,49999,49999
o0818,c0370,p0019,4,delivered,25-05-03,45999,183996
o0819,c0169,p0020,1,shipped,26-12-09,29999,29999
o0820,c0277,p0029,1,pending,26-07-30,24999,24999
o0821,c0111,p0007,4,pending,26-10-28,159999,639996
o0822,c0065,p0001,2,shipped,26-04-03,199999,399998
o0823,c0159,p0012,5,shipped,25-07-06,79999,399995
o0824,c0481,p0019,4,pending,25-06-14,45999,183996
o0825,c0034,p0027,2,delivered,26-02-19,7999,15998
o0826,c0168,p0001,4,cancelled,25-04-19,199999,799996
o0827,c0250,p0025,1,shipped,25-11-10,14999,14999
o0828,c0091,p0008,2,cancelled,26-06-25,189999,379998
o0829,c0351,p0027,1,pending,25-07-23,7999,7999
o0830,c0064,p0007,5,cancelled,26-04-02,159999,799995
o0831,c0287,p0003,1,cancelled,25-05-15,139999,139999
o0832,c0474,p0013,1,pending,26-06-12,74999,74999
o0833,c0294,p0021,3,pending,26-07-01,9999,29997
o0834,c0050,p0030,2,cancelled,25-04-14,32999,65998
o0835,c0476,p0028,2,pending,26-03-10,59999,119998
o0836,c0001,p0030,2,delivered,26-03-22,32999,65998
o0837,c0382,p0004,5,delivered,25-12-18,129999,649995
o0838,c0306,p0013,4,cancelled,26-01-23,74999,299996
o0839,c0448,p0006,5,delivered,25-12-14,89999,449995
o0840,c0116,p0019,5,delivered,26-06-17,45999,229995
o0841,c0296,p0002,4,pending,26-08-02,149999,599996
o0842,c0482,p0016,1,delivered,25-08-07,42999,42999
o0843,c0293,p0025,4,delivered,26-11-08,14999,59996
o0844,c0395,p0020,5,pending,25-12-19,29999,149995
o0845,c0088,p0017,1,pending,26-02-05,49999,49999
o0846,c0176,p0004,3,cancelled,26-02-07,129999,389997
o0847,c0140,p0020,4,cancelled,26-03-26,29999,119996
o0848,c0391,p0014,3,delivered,25-01-20,54999,164997
o0849,c0178,p0024,3,cancelled,25-09-05,17999,53997
o0850,c0147,p0015,3,delivered,25-09-14,34999,104997
o0851,c0336,p0018,2,delivered,26-11-22,39999,79998
o0852,c0035,p0024,3,shipped,26-05-27,17999,53997
o0853,c0131,p0003,3,cancelled,25-03-05,139999,419997
o0854,c0227,p0001,3,cancelled,25-07-09,199999,599997
o0855,c0229,p0002,2,cancelled,25-12-21,149999,299998
o0856,c0173,p0013,4,shipped,26-11-24,74999,299996
o0857,c0228,p0024,3,pending,25-04-28,17999,53997
o0858,c0137,p0028,3,shipped,25-07-18,59999,179997
o0859,c0105,p0015,4,delivered,26-10-12,34999,139996
o0860,c0337,p0026,1,delivered,25-08-21,12999,12999
o0861,c0224,p0030,4,cancelled,25-07-02,32999,131996
o0862,c0219,p0027,2,pending,25-04-03,7999,15998
o0863,c0184,p0006,2,pending,26-05-23,89999,179998
o0864,c0483,p0003,4,pending,26-01-29,139999,559996
o0865,c0455,p0007,2,cancelled,25-08-05,159999,319998
o0866,c0286,p0007,2,delivered,26-11-28,159999,319998
o0867,c0022,p0001,4,cancelled,26-10-19,199999,799996
o0868,c0033,p0006,5,cancelled,25-05-19,89999,449995
o0869,c0048,p0013,2,delivered,25-04-27,74999,149998
o0870,c0109,p0008,2,cancelled,25-01-24,189999,379998
o0871,c0465,p0022,4,delivered,26-08-04,19999,79996
o0872,c0257,p0004,4,cancelled,26-10-18,129999,519996
o0873,c0437,p0010,5,cancelled,25-05-12,179999,899995
o0874,c0065,p0026,4,shipped,25-12-17,12999,51996
o0875,c0235,p0025,1,pending,25-06-05,14999,14999
o0876,c0411,p0004,5,cancelled,26-01-20,129999,649995
o0877,c0024,p0006,5,pending,25-10-05,89999,449995
o0878,c0199,p0027,4,delivered,25-07-29,7999,31996
o0879,c0471,p0007,3,shipped,26-01-12,159999,479997
o0880,c0497,p0015,1,pending,25-03-08,34999,34999
o0881,c0158,p0010,4,shipped,26-08-23,179999,719996
o0882,c0185,p0017,4,pending,25-04-11,49999,199996
o0883,c0494,p0003,5,shipped,25-06-27,139999,699995
o0884,c0500,p0020,4,pending,25-11-22,29999,119996
o0885,c0324,p0024,4,shipped,26-02-18,17999,71996
o0886,c0160,p0027,3,pending,26-08-15,7999,23997
o0887,c0376,p0020,1,shipped,25-05-29,29999,29999
o0888,c0497,p0018,4,cancelled,26-03-25,39999,159996
o0889,c0358,p0016,5,shipped,25-07-21,42999,214995
o0890,c0156,p0001,4,pending,26-07-06,199999,799996
o0891,c0120,p0021,5,pending,26-11-30,9999,49995
o0892,c0209,p0013,1,shipped,25-06-15,74999,74999
o0893,c0473,p0021,2,pending,26-03-09,9999,19998
o0894,c0496,p0027,2,delivered,26-04-16,7999,15998
o0895,c0454,p0027,1,pending,26-01-03,7999,7999
o0896,c0082,p0001,4,cancelled,26-03-22,199999,799996
o0897,c0189,p0021,3,pending,26-03-26,9999,29997
o0898,c0444,p0024,2,delivered,26-02-16,17999,35998
o0899,c0206,p0018,2,pending,26-06-18,39999,79998
o0900,c0054,p0020,2,pending,26-07-15,29999,59998
o0901,c0089,p0022,5,delivered,26-05-23,19999,99995
o0902,c0458,p0019,4,cancelled,26-08-16,45999,183996
o0903,c0009,p0026,3,shipped,26-11-14,12999,38997
o0904,c0487,p0009,4,delivered,25-03-23,149999,599996
o0905,c0165,p0012,3,cancelled,26-04-21,79999,239997
o0906,c0137,p0029,2,shipped,26-08-19,24999,49998
o0907,c0441,p0023,1,pending,25-07-28,39999,39999
o0908,c0308,p0021,5,pending,26-02-18,9999,49995
o0909,c0197,p0030,2,pending,25-08-17,32999,65998
o0910,c0112,p0016,2,pending,26-08-30,42999,85998
o0911,c0344,p0009,4,pending,26-08-27,149999,599996
o0912,c0437,p0019,2,shipped,26-06-10,45999,91998
o0913,c0367,p0008,5,pending,26-10-21,189999,949995
o0914,c0004,p0005,2,shipped,25-12-07,119999,239998
o0915,c0392,p0001,2,delivered,26-07-20,199999,399998
o0916,c0112,p0014,1,delivered,26-08-01,54999,54999
o0917,c0013,p0004,3,delivered,26-01-01,129999,389997
o0918,c0035,p0019,1,delivered,25-04-15,45999,45999
o0919,c0289,p0013,5,delivered,26-02-16,74999,374995
o0920,c0179,p0027,5,shipped,25-05-30,7999,39995
o0921,c0129,p0017,1,delivered,25-05-01,49999,49999
o0922,c0317,p0013,2,cancelled,26-09-20,74999,149998
o0923,c0238,p0026,1,cancelled,26-06-08,12999,12999
o0924,c0215,p0004,3,cancelled,25-05-03,129999,389997
o0925,c0354,p0014,3,shipped,25-03-18,54999,164997
o0926,c0190,p0030,2,shipped,26-05-29,32999,65998
o0927,c0278,p0018,4,delivered,26-06-08,39999,159996
o0928,c0196,p0010,5,pending,26-02-07,179999,899995
o0929,c0179,p0020,5,cancelled,26-06-24,29999,149995
o0930,c0456,p0017,4,cancelled,26-02-09,49999,199996
o0931,c0429,p0014,2,pending,26-06-07,54999,109998
o0932,c0155,p0026,1,pending,26-04-11,12999,12999
o0933,c0466,p0022,4,pending,26-12-18,19999,79996
o0934,c0213,p0017,3,delivered,25-02-21,49999,149997
o0935,c0057,p0014,1,pending,25-11-10,54999,54999
o0936,c0152,p0015,4,shipped,26-07-03,34999,139996
o0937,c0243,p0012,5,pending,26-06-16,79999,399995
o0938,c0493,p0015,1,shipped,26-08-27,34999,34999
o0939,c0174,p0017,2,pending,26-01-24,49999,99998
o0940,c0202,p0030,1,shipped,26-04-30,32999,32999
o0941,c0074,p0006,4,shipped,25-02-23,89999,359996
o0942,c0230,p0025,1,pending,25-02-06,14999,14999
o0943,c0160,p0006,3,pending,25-07-22,89999,269997
o0944,c0480,p0003,2,pending,26-09-29,139999,279998
o0945,c0067,p0023,3,pending,26-05-22,39999,119997
o0946,c0020,p0017,2,cancelled,26-03-23,49999,99998
o0947,c0231,p0003,4,pending,26-06-07,139999,559996
o0948,c0429,p0029,4,cancelled,26-06-17,24999,99996
o0949,c0488,p0020,5,delivered,25-02-03,29999,149995
o0950,c0132,p0026,4,shipped,25-05-10,12999,51996
o0951,c0454,p0011,3,cancelled,26-03-29,89999,269997
o0952,c0298,p0003,2,cancelled,25-12-22,139999,279998
o0953,c0180,p0012,4,shipped,26-07-08,79999,319996
o0954,c0215,p0022,3,pending,25-03-22,19999,59997
o0955,c0017,p0022,4,cancelled,26-01-02,19999,79996
o0956,c0145,p0020,3,pending,25-07-07,29999,89997
o0957,c0496,p0004,3,pending,25-01-08,129999,389997
o0958,c0403,p0023,1,delivered,25-07-16,39999,39999
o0959,c0113,p0021,3,delivered,26-09-17,9999,29997
o0960,c0222,p0003,4,pending,25-01-18,139999,559996
o0961,c0435,p0028,1,cancelled,25-11-25,59999,59999
o0962,c0034,p0020,3,shipped,25-10-25,29999,89997
o0963,c0432,p0024,1,shipped,25-10-26,17999,17999
o0964,c0399,p0014,3,cancelled,26-09-03,54999,164997
o0965,c0229,p0004,4,cancelled,26-10-01,129999,519996
o0966,c0116,p0016,5,delivered,26-02-10,42999,214995
o0967,c0345,p0018,4,pending,25-02-07,39999,159996
o0968,c0091,p0017,1,cancelled,25-05-18,49999,49999
o0969,c0073,p0022,4,shipped,25-12-11,19999,79996
o0970,c0226,p0001,3,shipped,25-03-08,199999,599997
o0971,c0186,p0030,5,cancelled,26-11-12,32999,164995
o0972,c0418,p0004,4,shipped,26-10-05,129999,519996
o0973,c0086,p0007,4,cancelled,26-11-30,159999,639996
o0974,c0254,p0026,4,delivered,26-06-22,12999,51996
o0975,c0257,p0027,5,pending,25-08-16,7999,39995
o0976,c0165,p0021,1,delivered,25-05-08,9999,9999
o0977,c0379,p0019,5,cancelled,25-05-18,45999,229995
o0978,c0030,p0024,1,shipped,26-06-25,17999,17999
o0979,c0475,p0003,2,delivered,25-04-20,139999,279998
o0980,c0391,p0011,1,shipped,26-11-10,89999,89999
o0981,c0141,p0001,4,pending,26-10-12,199999,799996
o0982,c0352,p0011,1,shipped,26-01-31,89999,89999
o0983,c0021,p0011,4,pending,26-05-29,89999,359996
o0984,c0076,p0001,4,delivered,25-05-31,199999,799996
o0985,c0079,p0009,2,cancelled,25-10-25,149999,299998
o0986,c0083,p0017,5,shipped,26-09-24,49999,249995
o0987,c0015,p0005,2,pending,26-03-16,119999,239998
o0988,c0156,p0001,3,cancelled,26-02-25,199999,599997
o0989,c0454,p0024,5,delivered,26-06-16,17999,89995
o0990,c0177,p0023,1,shipped,26-02-18,39999,39999
o0991,c0360,p0006,1,pending,26-10-03,89999,89999
o0992,c0418,p0027,1,cancelled,25-05-08,7999,7999
o0993,c0159,p0010,5,delivered,25-03-25,179999,899995
o0994,c0306,p0022,5,delivered,25-08-14,19999,99995
o0995,c0258,p0027,2,cancelled,25-08-21,7999,15998
o0996,c0271,p0017,2,shipped,26-03-11,49999,99998
o0997,c0229,p0021,3,shipped,26-08-25,9999,29997
o0998,c0156,p0001,2,pending,25-07-06,199999,399998
o0999,c0406,p0026,5,delivered,25-04-29,12999,64995
o1000,c0060,p0007,1,pending,26-08-02,159999,159999
